project_id,project_name,state,sector,first_reporting_period,latest_reporting_period,observations
N04000073,"CONSTRUCTION OF NEW INTEGRATED TERMINAL BUILDING AT VSI AIRPORT, PORTBLAIR",,CIVIL AVIATION,2025-02,2025-06,5
N04000074,"MODERNIZATION OF CHENNAI AIRPORT PHASE II, CHENNAI",,CIVIL AVIATION,2025-02,2025-06,5
N04000075,UPGRADATION OF PASSENGER TERMINAL BUILDING AND AIRSIDE FACILITIES AT TIRUCHIRAPALLI INTERNATIONAL AI,,,2025-02,2025-03,2
N04000076,"CONSTRUCTION OF COMBINED OPERATIONAL OFFICES FOR DGCA, BCAS, AAIB, AERA AND AAI AT SAFDARJUNG AIRPOR",,CIVIL AVIATION,2025-02,2025-06,5
N04000077,"CCS INTERNATIONAL AIRPORT , LUCKNOW",,CIVIL AVIATION,2025-02,2025-06,5
N04000078,CONSTRUCTION OF TERMINAL BUILDING AND ASSOCIATED WORKS AT LEH AIRPORT,LADAKH,CIVIL AVIATION,2025-02,2025-06,5
N04000079,"CONSTRUCTION OF NEW INTEGRATED TERMINAL BUILDING, RECONSTRUCTION OF OLD TERMINAL BUILDING, MODIFICAT",,CIVIL AVIATION,2025-02,2025-06,5
N04000080,CONSTRUCTION OF ATC TOWER AND TECHNICAL BLOCK AT NSCBI AIRPORT KOLKATA,,CIVIL AVIATION,2025-02,2025-06,5
N04000081,"AIRSIDE CAPACITY ENHANCEMENT OF NSBI AIRPORT, KOLKATA",,,2025-02,2025-06,5
N04000082,"CONSTRUCTION OF NEW DORNESTIC TERMINAL BUILDING AND OTHER STRUCTURES, PHASE I AND II",,CIVIL AVIATION,2025-02,2025-06,5
N04000083,CONSTRUCTION OF NEW INTEGRATED TERMINAL BUILDING AT LGBI AIRPORT GUWAHATI,,CIVIL AVIATION,2025-02,2025-06,5
N04000085,"CONSTRUCTION OF DOMESTIC PASSENGER TERMINAL BUILDING AT DEHRADUN AIRPORT, DEHRADUN",,CIVIL AVIATION,2025-02,2025-06,5
N04000086,"CO CIVIL AVIATION REASEARCH ORG. (PH-II) AT BEGUMPET AIRPORT, HYDRABAD",,CIVIL AVIATION,2025-02,2025-03,2
N04000087,UPGRADATION OF JABALPUR AIRPORT,,CIVIL AVIATION,2025-02,2025-06,5
N04000088,"C/O NEW GREENFIELD AIRPORT AT HISSAR, RAJKOT, GUJARAT",,CIVIL AVIATION,2025-02,2025-06,5
N04000089,EXT AND STR. OF EXISTING RUNWAY 08/26 AT TIRUPATI AIRPORT,,CIVIL AVIATION,2025-02,2025-03,2
N04000090,DEVELOPMENT OF TUTICORIN AIRPORT,,,2025-02,2025-06,5
N04000091,C/O OF NITB AND ASSOCIATED WORK AT VIJAYAWADA AIRPORT,,CIVIL AVIATION,2025-02,2025-06,5
N04000092,CONSTRUCTION OF NEW GREEN FIELD AIRPORT AT HOLLONGI ITANAGAR ARUNACHAL PRADESH,,CIVIL AVIATION,2025-02,2025-06,5
N04000093,"EXTENSION OF TERMINAL BUILDING, PTT, APRON AND CAR PARK AT SURAT AIRPORT.",,,2025-02,2025-06,5
N04000094,DEVELOPMENT OF AYODHYA AIRPORT PHASE-01,,,2025-02,2025-06,5
N04000095,EXTENSION OF EXISTING INTEGRATED TERMINAL BUILDING AND ALLIED WORKS AT GOA AIRPORT.,GOA,CIVIL AVIATION,2025-02,2025-06,5
N04000096,"EXTENSION OF RUNWAY WITH BLAST PAD, RESA, TAXIWAY, APRON, GSE AREA, ISOLATION BAY, NEW DOMESTIC TERM",,,2025-02,2025-06,5
N04000098,DEVELOPMENT OF GWALIOR AIRPORT PHASE 01,,,2025-02,2025-06,5
N04000099,"DEVELOPMENT OF NEW GREENFIELD AIRPORT AT DHOLERA, AHMEDABAD (GUJARAT). PHASE-1.",,,2025-02,2025-06,5
N04000100,"CONSTRUCTION OF NEW INTEGRATED TERMINAL BUILDING, CONTROL TOWER CUM TECHNICAL BLOCK, APRON, LINK TAX",,CIVIL AVIATION,2025-02,2025-06,5
N04000101,CONSTRUCTION OF NEW TERMINAL BUILDING AT JODHPUR AIRPORT,,CIVIL AVIATION,2025-02,2025-06,5
N04000102,"PRAYAGRAJ AIRPORT - CONSTRUCTION OF NEW TERMINAL BUILDING, SECOND LINK TAXI TRACK, APRON EXPANSION,",,,2025-02,2025-06,5
N04000103,RAJAHMUNDRY AIRPORT: CONSTRUCTION OF NEW DOMESTIC TERMINAL BUILDING AND MISCELLANEOUS WORKS INCLUD,,,2025-02,2025-06,5
N04000104,UDAIPUR AIRPORT- CONSTRUCTION OF NEW INTEGRATED PASSENGER TERMINAL BUILDING,,,2025-02,2025-06,5
N04000105,BELAGAVI AIRPORT- EXPANSION OF TERMINAL BUILDING AND ASSOCIATED WORKS,,CIVIL AVIATION,2025-02,2025-06,5
N04000106,KADAPPA AIRPORT- CONSTRUCTION OF NEW DOMESTIC TERMINAL BUILDING AND MISCELLANEOUS WORKS INCLUDING MA,,,2025-02,2025-06,5
N04000107,JAMMU - CONSTRUCTION OF NEW CIVIL ENCLAVE,,CIVIL AVIATION,2025-02,2025-06,5
N04000108,HUBBALI AIRPORT - CONSTRUCTION OF NEW DOMESTIC TERMINAL BUILDING AND MISCELLANEOUS WORKS,,,2025-02,2025-06,5
N04000109,"NSCBI AIRPORT KOLKATA: RE- CONSTRUCTION OF RIGID POSITIONS OF SECONDARY RUNWAY, 'K' AND 'A' TAXIWAY",,,2025-02,2025-06,5
N04000110,PAKYONG AIRPORT- WIDENING OF BASIC STRIP AT WESTERN SIDE OF RUNWAY CHAINAGE 80M TO 920M I/C SLOPE ST,,CIVIL AVIATION,2025-02,2025-06,5
N04000111,CALICUT AIRPORT - DEVELOPMENT OF ADDITIONAL RESA ON EITHER END ON RUNWAY 10-28 AT CALICUT AIRPORT,,CIVIL AVIATION,2025-02,2025-06,5
N04000112,"DARBHANGA:DEVELOPMENT OF NEW CIVIL ENCLAVE AT DARBHANGA, BIHAR. SH- CONSTRUCTION OF NEW TERMINAL BUI",,,2025-02,2025-06,5
N04000113,AGRA: DEVELOPMENT OF NEW CIVIL ENCLAVE AT AGRA AIRPORT.,,,2025-02,2025-06,5
N04000114,"VARANASI: DEVELOPMENT OF LAL BAHADUR SHASTRI INTERNATIONAL AIRPORT, VARANASI.",,,2025-02,2025-06,5
N04000115,BAGDOGRA AIRPORT: DEVELOPMENT OF NEW CIVIL ENCLAVE AT BAGDOGRA AIRPORT. SUB-HEAD : CONSTRUCTION OF N,,,2025-02,2025-06,5
N06000045,PELMA OCP(15.00MTY),,,2025-02,2025-06,5
N06000087,RAJRAPPA RCE OCP ( 3.0 MTY),,,2025-02,2025-06,5
N06000096,MURAIDIH UG TURN-KEY PROJECT,,,2025-02,2025-06,5
N06000098,MOONIDIH XV SEAM UG,,,2025-02,2025-06,5
N06000104,CHHAL OC SEAM -III (6.00 MTY),,,2025-02,2025-06,5
N06000112,BASUNDHARA (WEST) OC EXTN(7.00 MTY),,,2025-02,2025-06,5
N06000113,SIARMAL OCP (40.00MTY),,,2025-02,2025-06,5
N06000123,AMERA OC RCE,,,2025-02,2025-06,5
N06000125,KANCHAN OC EXPANSION,,,2025-02,2025-06,5
N06000132,AMALGAMATED YEKONA-I YEKONA-II,,,2025-02,2025-06,5
N06000135,AMGAON OPENCAST PROJECT RCE,,,2025-02,2025-06,5
N06000148,AMADAND OPENCAST EXPANSION PROJECT,,,2025-02,2025-06,5
N06000152,NEYVELI UTTAR PRADESH POWER PROJECT LIMITED 1980 MW,,COAL,2025-02,2025-06,5
N06000154,NILJAI EXPANSION (DEEP) OC (3.5 MTY),,COAL,2025-02,2025-06,5
N06000161,KAKATIYAKHANI OPENCAST III PROJECT PHASE-1,,COAL,2025-02,2025-06,5
N06000163,RANIGANJ MASTER PLAN,,,2025-02,2025-06,5
N06000164,MAHAMAYA OPENCAST PROJECT,,,2025-02,2025-06,5
N06000165,SIDULI MINE (OC AND UG),,,2025-02,2025-06,5
N06000166,JHIRIA WEST OPENCAST PROJECT,,,2025-02,2025-06,5
N06000167,INTEGRATED LAKHANPUR- BELPAHAR-LILARI OCP,,,2025-02,2025-06,5
N06000169,CHITRA EAST (RCE) OCP,,,2025-02,2025-06,5
N06000170,NAKRAKONDA KUMARDIH B OCP,,,2025-02,2025-06,5
N06000171,REORGANISATION OF BHARATPUR OCP EXPANSION,,,2025-02,2025-06,5
N06000179,UKNI DEEP OC,,,2025-02,2025-06,5
N06000183,GANDHIGRAM UG MINE,,,2025-02,2025-06,5
N06000184,BLOCK-B EXPANSION OPENCAST PROJECT,,,2025-02,2025-06,5
N06000186,TETARIAKHAR EXPANSION OCP,,,2025-02,2025-06,5
N06000189,TALABIRA II AND III OCP,,,2025-02,2025-04,3
N06000191,SHYAMSUNDARPUR UG INCLUDING SAPI UNIT,,,2025-02,2025-06,5
N06000192,BINA KAKRI AMALGAMATION OCP 14 MTPA,,,2025-02,2025-06,5
N06000193,PACHWARA SOUTH COAL BLOCK,,,2025-02,2025-06,5
N06000194,PATHERDIH 2.5 NLW COAL WASHERY,,,2025-02,2025-06,5
N06000195,2.0 MTPA BHOJUDIH NLW WASHERY,,,2025-02,2025-06,5
N06000196,NIGAHI EXPANSION OCP (15 TO 25 MTPA),,,2025-02,2025-06,5
N06000197,BAROUD OC EXPANSION (3-10 MTY),,,2025-02,2025-06,5
N06000198,JAMPALI OCP RCE,,,2025-02,2025-06,5
N06000199,PORDA CHIMTAPANI OCP (10 MTY),,,2025-02,2025-06,5
N06000200,DIPKA OC EXPANSION 40 MTY,,,2025-02,2025-06,5
N06000202,GODAVARIKHANI COAL MINE,,,2025-02,2025-06,5
N06000203,NAINI COAL MINE,,,2025-02,2025-06,5
N06000204,VENKATESH KHANI COAL MINE,,,2025-02,2025-06,5
N06000205,GHONSA EXPANSION DEEP OC,,,2025-02,2025-06,5
N06000206,SASTI EXPANSION OC,,,2025-02,2025-06,5
N06000208,KHADIA EXPANSION OCP,,,2025-02,2025-06,5
N06000209,DHUPTALA OC(SASTI UG TO OC),,,2025-02,2025-06,5
N06000210,RCE OF RAMAGUNDAM OPENCAST II EXTENSION PROJECT,,,2025-02,2025-06,5
N06000211,RCE OF INDARAM OPENCAST PROJECT,,,2025-02,2025-06,5
N06000213,RCE OF KALYANIKHANI OPENCAST PROJECT,,,2025-02,2025-06,5
N06000214,RCE OF KAKATHIYAKHANI OC - 2 PROJECT,,,2025-02,2025-06,5
N06000216,REVISED PROJECT REPORT MAGADH EXPANSION OCP,,,2025-02,2025-06,5
N06000217,EXPANSION PROJECT AMRAPALI OCP,,,2025-02,2025-06,5
N06000218,UCE OF EPR OF NORTH URIMARI OCP,,,2025-02,2025-06,5
N06000219,ADASA UG TO OC (1.50 MTY),,,2025-02,2025-06,5
N06000220,SONEPUR BAZARI EXPANSION OC,,,2025-02,2025-06,5
N06000222,DINESH (MAKARDHOKDA-III) OC (8.0 MTY),,,2025-02,2025-06,5
N06000223,EXPANSION PR OF JHANJRA UG (5.00 MTY),,,2025-02,2025-06,5
N06000226,AMALGAMATED INDER-KAMPTEE DEEP OC (3.20 MTY),,,2025-02,2025-06,5
N06000229,GOPALJI-KANIHA OCP,,,2025-02,2025-06,5
N06000230,BALARAM EXPANSION OCP,,,2025-02,2025-06,5
N06000232,JAGANNATHPUR OC RCE (3.0 MTY),,,2025-02,2025-06,5
N06000233,RAMPUR BATURA OC (4.0 MTY),,,2025-02,2025-06,5
N06000236,MOHANPUR EXPANSION OC PHASE II,,,2025-02,2025-06,5
N06000237,KOTRE BASANTPUR PACHMO OCP,,,2025-02,2025-06,5
N06000238,CHANDRAGUPT OCP,,,2025-02,2025-06,5
N06000239,SIRKA OCP,,,2025-02,2025-06,5
N06000240,JHARKHAND LAIYO OCP,,,2025-02,2025-06,5
N06000241,EPR TAPIN SOUTH OCP,,,2025-02,2025-06,5
N06000242,EPR PUNDI OCP,,,2025-02,2025-06,5
N06000243,EPR ROHINI KARKATA OCP,,,2025-02,2025-06,5
N06000244,BONJEMEHARI EXPANSION OCP,,,2025-02,2025-06,5
N06000245,EXPANSION OF KONAR OCP,,,2025-02,2025-06,5
N06000246,EXPANSION OF KARO OCP,,,2025-02,2025-06,5
N06000247,EXPANSION OF ASHOK OCP,,,2025-02,2025-06,5
N06000249,SUBHADRA OCP,,,2025-02,2025-06,5
N06000250,TAWA III UG MINE,,,2025-02,2025-06,5
N06000251,SAONER UG MINE I EXPANSION,,,2025-02,2025-06,5
N06000252,SINGHORI DEEP OC,,,2025-02,2025-06,5
N06000253,MAKARDHOKDA I EXPANSION OC,,,2025-02,2025-06,5
N06000254,BHATADI EXPANSION OC,,,2025-02,2025-06,5
N06000255,NEW MAJARI UG TO OC (3.0 MTY),,,2025-02,2025-06,5
N06000256,BHANEGAON OC (1.15MTY),,,2025-02,2025-06,5
N06000257,AMALGAMATED DHANKASA JAMUNIA UG (1.84 MTY),,,2025-02,2025-06,5
N06000258,GOLETI OPENCAST MINE,,,2025-02,2025-06,5
N06000259,JAWAHAR KHANI OPENCAST (JK OC) MINE,,COAL,2025-02,2025-06,5
N06000260,VISHNUPURI UG TO OC,,,2025-02,2025-06,5
N06000264,GOKUL EXPANSION OC,,,2025-02,2025-06,5
N06000265,URDHAN OC,,,2025-02,2025-06,5
N06000266,SHARDA UG,,,2025-02,2025-06,5
N06000267,KOLGAON EXPANSION (DEEP) OC,,,2025-02,2025-06,5
N06000269,NLCIL 300 MW SOLAR POWER PROJECT (PART OF 510 MW CPSU SCHEME),,COAL,2025-02,2025-06,5
N06000270,NLC TALABIRA THERMAL POWER PROJECT (PHASE-1: 3 X 800 MW),,,2025-02,2025-06,5
N06000271,AMALGAMATED GAURI PAUNI EXPANSION OC,,,2025-02,2025-06,5
N06000272,ITAPARA OC,,,2025-02,2025-06,5
N06000273,AMALGAMATED NTST KUJAMA OCP 8.5 MTY,,,2025-02,2025-06,5
N06000274,KATKONA RO UG PROJECT (1.74 MTY),,,2025-02,2025-06,5
N06000275,HURA C OC,,,2025-02,2025-06,5
N06000276,UCE OF TILABONI UG,,,2025-02,2025-06,5
N06000277,UCE OF PARASEA BELBAID REORGANISATION UG,,,2025-02,2025-06,5
N06000278,GAURI CENTRAL OCM,,,2025-02,2025-06,5
N06000279,50 MW SOLAR POWER PROJECT - NEYVELI MINED OUT AREA,,,2025-02,2025-06,5
N06000280,CHUPERBHITA- SIMLONG OCP,,,2025-02,2025-06,5
N06000281,PARASCOLE JAMBAD OCP,,,2025-02,2025-06,5
N06000282,BALLARPUR NORTHWEST OC MINE,,,2025-02,2025-06,5
N06000283,NORTHERN EXTENSION OF MUNGOLI NIRGUDA DEEP OC,,,2025-02,2025-06,5
N06000284,AMALGAMATED GONDEGAON - GHATROHAN EXPANSION OCM,,,2025-02,2025-06,5
N06000285,RPR OF HINGULA EXPANSION OCP,,,2025-02,2025-06,5
N06000286,BHUBANESWARI EXPANSION OCP,,,2025-02,2025-06,5
N06000287,BLOCK-E OCP (15 MTY),,,2025-02,2025-06,5
N06000288,BALABHADRA OCP,,,2025-02,2025-06,5
N06000289,INTEGRATED KULDA GARJANBAHAL OCP,,,2025-02,2025-06,5
N06000290,TIKAK EXTENSION OCP - 0.2 MTY,,COAL,2025-02,2025-06,5
N06000291,TIRAP OCP,,,2025-02,2025-06,5
N06000292,50 MW WIND POWER PROJECT PART OF 150 MW SECI HYBRID,,COAL,2025-05,2025-06,2
N06000293,WAGHODA UG,,,2025-06,2025-06,1
N06000294,KOLARPIMPRI EXPANSION OCM (2.50 MTY),,,2025-06,2025-06,1
N06000295,JARANGDIH OCP,,,2025-06,2025-06,1
N07000001,"C/O RESIDENTIAL COMPLEX BUILDING FOR CENTRAL BOARD OF INDIRECT TAXES AND CUSTOMS AT SECTOR-9, DWARKA",,FINANCE,2025-02,2025-06,5
N10000010,5TH STREAM ALUMINA REFINERY EXPANSION PROJECT,,MINES,2025-02,2025-06,5
N10000011,UTKAL D AND E COAL BLOCK,,,2025-02,2025-06,5
N10000012,CONVERSION OF FLAT BOTTOM SETTLERS AND WASHERS WITH A SINGLE TRAIN OF HRDS AND DCWS IN STREAMS 1 AND,,,2025-02,2025-06,5
N10000013,SOURCING OF BAUXITE ARRANGEMENT FOR 5TH STREAM ALUMINA REFINERY FROM SOUTH BLOCK MINING LEASE OF PAN,,,2025-02,2025-06,5
N10000014,25.5 MW WIND POWER PROJECT AT KAYATHAR IN TAMILNADU,,MINES,2025-02,2025-06,5
N10000015,"CONSTRUCTION OF BASEMENTG FLOOR10 STORIES BUILDING FOR THE STATE OF THE ART, DG, GSI AT SECTOR-V, SA",,MINES,2025-02,2025-06,5
N10000016,POTTANGI BAUXITE MINES,,,2025-02,2025-06,5
N10000017,CONSTRUCTION OF RED MUD POND - II AT NALCO DAMANJODI ODISHA,,,2025-02,2025-06,5
N12000095,NEW SINTER PLANT AT BOKARO STEEL PLANT,,STEEL,2025-02,2025-06,5
N12000122,REBUILDING OF COKE OVEN BATTERY-2 ALONGWITH AUGMENTATION OF COKE HANDLING AND GAS HANDLING FACILITY,,STEEL,2025-02,2025-06,5
N12000124,NMDC SLURRY PIPE LINE PROJECT - PHASE-1,,STEEL,2025-02,2025-06,5
N12000125,INSTALLATION OF 4TH SLAB CASTER ALONG WITH ITS AUXILIARIES AND A NEW LADLE FURNACE IN SMS-II AT RSP,,,2025-02,2025-06,5
N12000127,SCREENING PLANT-III AT KIRANDUL,,,2025-02,2025-06,5
N12000129,REVAMPING OF OLD SUB SYSTEM OF BLAST FURNACE 3 AT BOKARO STEEL PLANT,,,2025-02,2025-06,5
N12000130,CONSTRUCTION OF RESIDENTIAL TOWERS AT BIOM KIRANDUL COMPLEX,,,2025-02,2025-06,5
N12000131,"REPLACEMENT OF CONVERTER VESSELS, TRUNNION RINGS, SUPPORT SYSTEM AND INSTALLATION OF SECONDARY EMISS",,,2025-02,2025-06,5
N12000132,REBUILDING OF COKE OVEN BATTERY NO.4 OF DURGAPUR STEEL PLANT,,,2025-02,2025-06,5
N12000133,REBUILDING OF COKE OVEN BATTERY NO.6 OF BOKARO STEEL PLANT,,,2025-02,2025-06,5
N12000134,REBUILDING OF COKE OVEN BATTERY NO.7 AND 8 OF BHILAI STEEL PLANT,,,2025-02,2025-06,5
N12000135,REPLACEMENT OF REMAINING 04 NOS. OF BATTERY CYCLONES WITH 04 NOS. OF ESPS IN SINTER PLANT-1 AT BSL,,,2025-02,2025-06,5
N12000136,"SCREENING PLANT-II, DONIMALAI",,STEEL,2025-02,2025-06,5
N12000137,REPLACEMENT OF HOT LEVELLER-1 OF PLATE MILL AT BHILAI STEEL PLANT,,,2025-04,2025-06,3
N12000138,INSTALLATION OF NEW BAR MILL AT DURGAPUR STEEL PLANT,,,2025-04,2025-06,3
N12000139,UP-GRADATION OF BLAST FURNACE NO. 3 AT DURGAPUR STEEL PLANT,,,2025-04,2025-06,3
N12000140,REVAMPING OF AIR POLLUTION CONTROL SYSTEMS OF SP-1 AT DURGAPUR STEEL PLANT,,,2025-04,2025-06,3
N12000141,THIRD LADLE FURNACE IN SECONDARY REFINERY UNIT AT IISCO STEEL PLANT,,,2025-04,2025-06,3
N12000142,REPLACEMENT OF EXISTING GRINDERS IN CRM-I & II AT BOKARO STEEL PLANT,,,2025-04,2025-06,3
N12000143,SECONDARY EMISSION CONTROL IN CONVERTERS OF SMS-II AT BOKARO STEEL PLANT,,,2025-04,2025-06,3
N16000213,LIFE EXTENSION OF WALL PLATFORMS OF MUMBAI HIGH AND HEERA FIELDS,,,2025-02,2025-06,5
N16000234,IRUGUR-DEVANGONTHI POL PIPELINE,,,2025-02,2025-06,5
N16000235,VISAKH REFINERY MODERNISATION PROJECT,,,2025-02,2025-02,1
N16000239,DEVELOPMENT PLAN OF CBM - BOKARO BLOCK,,PETROLEUM,2025-02,2025-02,1
N16000247,KG-DWN-98-2 CLUSTER II DEVELOPMENT PROJECT,,,2025-02,2025-06,5
N16000275,DURGAPUR-HALDIA PIPELINE PROJECT,,PETROLEUM,2025-02,2025-06,5
N16000279,REDEVELOPMENT OF SANTHAL FIELD,,,2025-02,2025-06,5
N16000285,KOCHI-KOOTTANAD-BANGALORE- MANGALORE PIPELINE PHASE-II,,PETROLEUM,2025-02,2025-06,5
N16000331,DEVELOPMENT OF SURFACE FACILITIES FOR PRODUCTION AND EVACUATION OF CRUDE OIL AND NATURAL GAS FROM NA,,,2025-02,2025-06,5
N16000343,REVAMPING OF FACILITIES AT VIZAG TERMINAL,,,2025-02,2025-03,2
N16000358,MUMBAI HIGH NORTH REDEVELOPMENT PHASE-IV,,,2025-02,2025-03,2
N16000361,ADDITIONAL STORAGE TANKS AT PARADIP,,,2025-02,2025-04,3
N16000369,CONSTRUCTION OF 80000MT LPG CAVERN AT MANGALORE,,PETROLEUM,2025-02,2025-06,5
N16000375,R and D CAMPUS II AT FARIDABAD,,PETROLEUM,2025-02,2025-06,5
N16000378,SWRO II WITH LLPH FACILITIES,,,2025-02,2025-02,1
N16000379,NUMALIGARH REFINERY EXPANSION PROJECT 6 MMTPA REFINARY,,,2025-02,2025-06,5
N16000382,ACRYLICS OR OXO-ALCOHOL PROJECT AT GUJARAT REFINERY,,,2025-02,2025-06,5
N16000386,BARAUNI REFINERY CAPACITY EXPANSION FROM 6.0 TO 9.0 MMTPA,,PETROLEUM,2025-02,2025-06,5
N16000388,SRIKAKULAM ANGUL PIPELINE PROJECT,,,2025-02,2025-06,5
N16000391,DHAMRA HALDIA PIPELINE PROJECT,,,2025-02,2025-06,5
N16000392,CITY GAS DISTRIBUTION IN WEST BENGAL,,,2025-02,2025-05,4
N16000394,NUMALIGARH REFINERY EXPANSION PROJECT COIT AND PIPELINES,,,2025-02,2025-06,5
N16000396,INTEGRATED PARA XYLENE (PX) AND PURIFIED TEREPHTHALIC ACID (PTA) PROJECT AT PARADIP REFINERY,,PETROLEUM,2025-02,2025-06,5
N16000398,MUMBAI NAGPUR JHARSUGUDA PIPELINE PROJECT,,,2025-02,2025-06,5
N16000402,"SECOND GENERATION ETHANOL BIOREFINERY PROJECT, BATHINDA, PUNJAB",,PETROLEUM,2025-02,2025-06,5
N16000409,PETROCHEMICAL AND LUBE INTEGRATION PROJECT AT GUJARAT REFINERY,,,2025-02,2025-06,5
N16000411,AUGUMENTATION OF SALAYA MATHURA CRUDE OIL PIPELINE SYSTEM,,,2025-02,2025-06,5
N16000412,CAPACITY EXPANSION OF PANIPAT REFINERY FROM 15 TO 25 MMTPA,,,2025-02,2025-06,5
N16000413,AUGMENTATION OF FACILITIES AT THE EXISTING RAIPUR DEPOT,,PETROLEUM,2025-02,2025-03,2
N16000414,EXPANSION OF GUWAHATI REFINERY FROM 1 TO 1.2 MMTPA ALONG WITH INSTALLATION OF CATALYTIC REFORMING UN,,,2025-02,2025-06,5
N16000423,"CGD PROJECT AT KHAGARIA, SAHARSA AND MADHEPURA",,,2025-02,2025-06,5
N16000426,CGD PROJECT AT NAWADA AND KODERMA DISTRICTS,,,2025-02,2025-05,4
N16000428,REDEVELOPMENT OF LINCH FIELD,,,2025-02,2025-06,5
N16000429,60 KTA POLYPROPYLENE PROJECT,,,2025-02,2025-06,5
N16000430,SETTING UP 500KTPA PROPANE DEHYDROGENATION INTEGRATED WITH POLYPROPYLENE UNIT ALONG WITH OFFSITE AND,,,2025-02,2025-06,5
N16000431,REDEVELOPMENT OF SOBHASAN COMPLEX,,,2025-02,2025-06,5
N16000432,HP CRUDE TO OLEFINS AND AROMATICS TECHNOLOGY DEMO UNIT AT VISAKH REFINERY,,,2025-02,2025-06,5
N16000434,CBR 9 MMTPA PROJECT,,,2025-02,2025-06,5
N16000435,NEW MUNDRA-PANIPAT CRUDE OIL PIPELINE,,,2025-02,2025-06,5
N16000436,PIPELINE REPLACEMENT PROJECT - VII,,,2025-02,2025-02,1
N16000437,"REVAMPING, AUGMENTATION OF FACILITIES AT EXISTING PORT TERMINAL AT MANGALORE",,,2025-02,2025-06,5
N16000438,"GRASS ROOT POL TERMINAL AT VALLUR, CHENNAI",,,2025-02,2025-06,5
N16000439,NORTH EAST GAS GRID,,,2025-02,2025-06,5
N16000440,BHATINDA SANGRUR PIPELINE,,,2025-02,2025-06,5
N16000441,"REVAMPING OF FACILITIES AT EXISTING GUWAHATI TERMINAL, ASSAM",,,2025-02,2025-06,5
N16000442,DEBOTTLENECKING AND AUGMENTATION OF CRYOGENIC FACILITIES AT URAN LPG IMPORT TERMINAL,,,2025-02,2025-06,5
N16000444,COMMERCIAL POLYMER FLOODING PROJECT IN BECHRAJI FIELD,,,2025-02,2025-06,5
N16000445,DEVELOPMENT OF JHARIA CBM BLOCK (PHASE-1),,PETROLEUM,2025-02,2025-06,5
N16000446,EXPANSION OF CRYOGENICS GROUP BY SETTING UP NEW MANUFACTURING FACILITY,,,2025-02,2025-06,5
N16000449,UPGRADATION OF FACILITIES OF NUMALIGARH-SILIGURI PRODUCT PIPELINE (NSPL) FOR TRANSPORTATION OF ADDIT,,,2025-02,2025-06,5
N16000450,"PROJECT TO CONSTRUCT A FIELD GAS GATHERING STATION AT BAGHJAN AREA FOR COLLECTION,PROCESSING",,,2025-02,2025-06,5
N16000452,CONSTRUCTION OF LUBE OIL BLENDING AND FILLING PLANT AT RASAYANI,,,2025-02,2025-06,5
N16000453,INSTALLATION OF BITUMEN MANUFACTURING UNIT ALONG WITH ALLIED FACILITIES AT BARAUNI,,,2025-02,2025-06,5
N16000454,INSTALLATION OF NEW BITUMEN UNIT ALONG WITH ALLIED FACILITIES AT GUJARAT,,,2025-02,2025-06,5
N16000455,LAYING OF POL PIPELINES IN COMMON CORRIDOR FOR PROPOSED GRASS ROOT TERMINAL AT VALLUR (CHENNAI),,,2025-02,2025-06,5
N16000456,ATF PIPELINE FROM JAWAHARLAL NEHRU PORT TRUST (JNPT) TO NAVI MUMBAI INTERNATIONAL AIRPORT (NMIA),,,2025-02,2025-06,5
N16000457,CAPACITY EXPANSION OF DIGBOI REFINERY FROM 0.65 TO 1.0 MMTPA,,,2025-02,2025-06,5
N16000458,POLY BUTADIENE RUBBER PLANT AT PANIPAT,,,2025-02,2025-06,5
N16000470,DAMAN UPSIDE DEVELOPMENT PROJECT (DUDP) IN TAPTI DAMAN BLOCK,,,2025-02,2025-06,5
N16000477,"RESTORATION OF GAS TERMINAL, PHASE-I (PART-A), HAZIRA PLANT",,,2025-02,2025-06,5
N16000478,HALDIA PANAGARH PIPELINE PROJECT,,,2025-02,2025-06,5
N16000480,LAYING OF NATURAL GAS PIPELINE FROM HAZARIBAGH TO RANCHI,,,2025-02,2025-06,5
N16000481,KALOL REDEVELOPMENT PROJECT,,,2025-02,2025-06,5
N16000483,OLD PIPE LINE REPLACEMENT (OPRP) GROUP-A,,,2025-02,2025-06,5
N16000484,"CONSTRUCTION OF LPG FACILITIES AT KAMARDANGA, ASSAM",,,2025-02,2025-06,5
N16000485,"CGD PROJECT AT KURNOOL, GUNTUR AND PRAKASAM DISTRICTS",,,2025-02,2025-06,5
N16000486,CGD PROJECT AT DHARMAPURI AND KRISHNAGIRI DISTRICTS,,,2025-02,2025-06,5
N16000487,"CGD PROJECT AT BEED, JALGAON AND JALNA DISTRICTS",,,2025-02,2025-06,5
N16000488,CGD PROJECT AT PATHANKOT DISTRICT,,,2025-02,2025-06,5
N16000491,"CGD PROJECT AT EAST MEDNIPORE, WEST MEDNIPORE AND JHARGRAM DISTRICTS",,,2025-02,2025-06,5
N16000494,"SETTING UP OF NEW RAIL FED POL FACILITY AT KAMARDANGA, ASSAM",,,2025-02,2025-06,5
N16000495,"GRASS ROOT RAIL FED DEPOT AT SEKERKOTE, AGARTALA AS RESITEMENT OF EXISTING DHARMANAGAR DEPOT",,PETROLEUM,2025-02,2025-06,5
N16000496,"CGD PROJECT IN TONK, SAWAI MADHOPUR, DAUSA, KARAULI",,,2025-02,2025-05,4
N16000497,CGD PROJECT IN BIHAR JHARKHAND,,,2025-02,2025-06,5
N16000498,CGD PROJECT IN WEST BENGAL 11TH ROUND,,,2025-02,2025-06,5
N16000499,MULTI-PRODUCT PIPELINE FROM KRISHNAPATNAM COASTAL INSTALLATION TO THE PROPOSED INSTALLATION AT HYDER,,,2025-02,2025-06,5
N16000500,SETTING UP A COMMON USER PETROLEUM TERMINAL AT JAMMU FOR RE-SITEMENT OF EXISTING DEPOTS OF PSU OMCS,,PETROLEUM,2025-02,2025-06,5
N16000502,"UPGRADING IPSHEM TO WORLD CLASS FACILITY OF ONGC, GOA",,PETROLEUM,2025-02,2025-02,1
N16000503,ANDHERI RESIDENTIAL TOWERS MUMBAI,,,2025-02,2025-06,5
N16000504,CONSTRUCTION OF ADDITIONAL TANKAGES AND ALLIED FACILITIES AT JNPT TERMINAL,,,2025-02,2025-06,5
N16000505,AUGMENTATION OF FACILITIES AT MATHURA BITUMEN PLANT,,,2025-02,2025-06,5
N16000506,GRASS-ROOT TERMINAL AT MIRZAPUR UTTAR PRADESH,,,2025-02,2025-06,5
N16000507,INSTALLATION OF INDEPENDENT DE- AROMATIZED SOLVENTS PRODUCTION FACILITIES AT MUMBAI REFINERY,,,2025-02,2025-06,5
N16000508,REPLACEMENT AND EXTENSION OF JETTY PIPELINES AT KOCHI REFINERY,,PETROLEUM,2025-02,2025-06,5
N16000509,POWER SYSTEM UPGRADATION PROJECT,,,2025-02,2025-06,5
N16000510,POWER RECOVERY TURBINE IN PFCCU,,,2025-02,2025-06,5
N16000511,DCU REVAMP PROJECT,,,2025-02,2025-06,5
N16000512,SETTING UP OF PETROCHEMICAL EVACUATION MARKETING TERMINAL (PEMT) AT BARMER,,,2025-02,2025-06,5
N16000513,RAJASTHAN REFINERY PROJECT (HPCLRRL(JV)),,,2025-02,2025-06,5
N16000514,"REVAMPING OF SV STATIONS, GAS TERMINAL AND KRIBHCO TERMINAL",,,2025-02,2025-06,5
N16000515,PART REPLACEMENT PIPELINE PROJECT (PRPP),,,2025-02,2025-06,5
N16000518,ETHYLENE CRACKER PROJECT AT BINA REFINERY INCLUDING DOWNSTREAM PETROCHEMICAL PLANTS AND EXPANSION OF,,PETROLEUM,2025-02,2025-06,5
N16000519,POL AND LOBS INSTALLATIONS WITH RECEIPT PIPELINES AT RASAYANI,,,2025-02,2025-06,5
N16000520,CGD PROJECTS AT FAZILKA (EXCEPT AREA ALREADY AUTHORIZED) GANGANAGAR AND HANUMANGARH DISTRICTS,,,2025-02,2025-06,5
N16000521,CGD PROJECTS AT THE NILGIRIS AND ERODE DISTRICTS,,,2025-02,2025-06,5
N16000522,CITY GAS DISTRIBUTION PROJECTS AT ALIPURDUAR AND COOCH BEHAR,,,2025-02,2025-06,5
N16000523,CITY GAS DISTRIBUTION PROJECTS AT GOPALGANJ SIWAN WEST CHAMPARAN EAST CHAMPARAN AND DEORIA DISTRICTS,,,2025-02,2025-06,5
N16000524,"CITY GAS DISTRIBUTION PROJECTS AT DARBHANGA, MADHUBANI, SUPAUL, SITAMARHI AND SHEOHAR DISTRICTS",,,2025-02,2025-06,5
N16000525,"CITY GAS DISTRIBUTION PROJECTS AT LAKHIMPUR KHERI , SITAPUR, BAHRAICH, SHRAVASTI,BALRAMPUR,",,,2025-02,2025-06,5
N16000526,MHN TCPP PGC BGC PROJECT (MTPBP),,,2025-02,2025-06,5
N16000527,CGD PROJECT AT JAMMU DISTRICTS,,,2025-02,2025-06,5
N16000528,PIPELINE NETWORK PROJECT RUDRASAGAR,,,2025-02,2025-06,5
N16000529,"AUGMENTATION OF DIMAPUR DEPOT, DIMAPUR",,PETROLEUM,2025-02,2025-06,5
N16000530,SETTING UP POLYPROPYLENE UNIT AT KOCHI REFINERY,,,2025-02,2025-06,5
N16000531,GURDASPUR JAMMU PIPELINE,,,2025-02,2025-06,5
N16000532,BORHOLLA GGS LIFE EXTENSION PROJECT,,,2025-02,2025-06,5
N16000533,PRP-VIII GROUP B (NH AND BS ASSET),,,2025-02,2025-06,5
N16000534,HP TDAE UNIT IN MUMBAI REFINERY,,,2025-02,2025-06,5
N16000535,HP TRIJET UNIT IN VR,,,2025-02,2025-06,5
N16000536,DEMO PLANT FOR PRODUCTION OF BIO-ATF,,,2025-02,2025-06,5
N16000537,INTEGRATED DEVELOPMENT OF 4 CONTRACT AREAS UNDER DSF2,,,2025-02,2025-06,5
N16000538,CONSTRUCTION OF AVIATION FUEL FARM FACILITIES AT BHOGAPURAM AIRPORT,,,2025-02,2025-06,5
N16000539,VISAKHA RAIPUR PIPELINE PROJECT,,,2025-02,2025-06,5
N16000540,LUBE MODERNIZATION AND BOTTOM UPGRADATION PROJECT,,,2025-02,2025-06,5
N18000010,TEHRI PUMPED STORAGE PLANT(1000MW),,POWER,2025-02,2025-06,5
N18000014,TAPOVAN-VISHNUGAD HEP (4X130MW),,,2025-02,2025-06,5
N18000042,VISHNUGAD PIPALKOTI HYDRO ELECTRIC PROJECT,,,2025-02,2025-06,5
N18000142,LATA-TAPOVAN HYDRO ELECTRIC POWER PROJECT 3X57 MW,,,2025-02,2025-06,5
N18000172,PAKAL DUL HYDRO ELECTRIC PROJECT (1000 MW),,POWER,2025-02,2025-06,5
N18000177,NORTH KARANPURA STPP (3X660 MW),,,2025-02,2025-06,5
N18000178,RAMMAM-III HEPP (3X40 MW),,POWER,2025-02,2025-06,5
N18000194,BUXAR THERMAL POWER PLANT (1320 MW),,,2025-02,2025-06,5
N18000249,COMPREHENSIVE SCHEME FOR THE STRENGHTENING OF THE TRANSMISSION AND DISTRIBUTION SYSTEM IN A P,,,2025-02,2025-06,5
N18000250,NORTH EASTERN REGION POWER SYSTEM IMPROVEMENT PROJECT (NERPSIP) FOR SIX (6) STATES,,,2025-02,2025-06,5
N18000272,KHURJA SUPER THERMAL POWER PROJECT,,POWER,2025-02,2025-06,5
N18000275,PATRATU STPP-I (3X800MW),,,2025-02,2025-06,5
N18000278,KIRU HYDRO ELECTRIC PROJECT,,,2025-02,2025-06,5
N18000279,LUHRI HYDROELECTRIC PROJECT (STAGE1),,POWER,2025-02,2025-06,5
N18000286,SAMBHU KI BHURJ-II SOLAR 300MW,,,2025-02,2025-05,4
N18000291,DHAULASIDH HYDROELECTRIC PROJECT (66 MW),,,2025-02,2025-06,5
N18000293,BHENSARA 320 MW,,,2025-02,2025-05,4
N18000295,GUJARAT 200 MW (GUVNL TENDER),,,2025-02,2025-06,5
N18000296,"150 MW SOLAR PV PROJECT IN GUJARAT (LIMBDI, MESANKA AND RADHANPUR)",,,2025-02,2025-05,4
N18000297,Bagodara Solar Power Project,,,2025-02,2025-06,5
N18000319,DAYAPAR WIND ENERGY PROJECT 150MW,,,2025-02,2025-06,5
N18000320,NOKH PLOT-1 SOLAR PV PROJECT 245MW,,,2025-02,2025-04,3
N18000321,NOKH PLOT-2 SOLAR PV PROJECT 245MW,,,2025-02,2025-04,3
N18000322,NOKH PLOT-3 SOLAR PV PROJECT 245MW,,,2025-02,2025-04,3
N18000324,RATLE HE PROJECT,,,2025-02,2025-06,5
N18000325,TEESTA VI HE PROJECT,,,2025-02,2025-06,5
N18000326,RANGIT IV HE PROJECT,,,2025-02,2025-06,5
N18000328,TS FOR EVACUATION OF POWER FROM PAKALDUL HEP IN CHENAB VALLEY HEPS - LTA SYSTEM,,,2025-02,2025-06,5
N18000330,TRANSMISSION SYSTEM STRENGTHENING FOR SRINAGAR-LEH TRANSMISSION SYSTEM,,,2025-02,2025-06,5
N18000331,TRANSMISSION SYSTEM STRENGTHENING SCHEME FOR EVACUATION OF POWER FROM SOLAR ENERGY ZONES IN RAJASTHA,,,2025-02,2025-06,5
N18000332,TRANSMISSION SYSTEM STRENGTHENING SCHEME FOR EVACUATION OF POWER FROM SOLAR ENERGY ZONES IN RAJASTHA,,,2025-02,2025-06,5
N18000335,BIKANER SOLAR POWER PROJECT,,POWER,2025-02,2025-06,5
N18000337,TRANSMISSION NETWORK EXPANSION IN GUJARAT TO INCREASE ATC FROM ISTS: PART B,,,2025-02,2025-06,5
N18000338,TRANSMISSION NETWORK EXPANSION IN GUJARAT TO INCREASE ATC FROM ISTS: PART C,,,2025-02,2025-03,2
N18000343,SYSTEM STRENGTHENING SCHEME FOR EASTERN AND NORTH EASTERN REGION,,,2025-02,2025-06,5
N18000344,SUNNI DAM HYDRO ELECTRIC PROJECT,,,2025-02,2025-06,5
N18000345,DAYAPAR WIND ENERGY PROJECT 200MW,,,2025-02,2025-06,5
N18000346,KHAWDA 1255MW SOLAR PROJECT (KHAWDA SOLAR PARK),,,2025-02,2025-06,5
N18000347,BHADLA-II 500MW SOLAR PV PROJECT,,,2025-02,2025-06,5
N18000348,SHAJAPUR 325MW SOLAR PV PROJECT,,POWER,2025-02,2025-06,5
N18000349,BHUJ SOLAR 300MW (TRANCHE- IV WIND SOLAR HYBRID),,,2025-02,2025-06,5
N18000350,WESTERN REGION EXPANSION SCHEME XXV,,POWER,2025-02,2025-06,5
N18000351,EASTERN REGION EXPANSION SCHEME XXIX,,POWER,2025-02,2025-06,5
N18000352,TRANSMISSION SYSTEM FOR KURNOOL WIND ENERGY ZONE SOLAR ENERGY ZONE (AP) PART- A PART B,,,2025-02,2025-06,5
N18000353,ER WR TRANSMISSION LIMITED,,,2025-02,2025-06,5
N18000354,TRANSMISSION SYSTEM ASSOCIATED WITH WESTERN REGION EXPANSION SCHEME XXVII,,POWER,2025-02,2025-03,2
N18000355,TRANSMISSION SYSTEM ASSOCIATED WITH WESTERN REGION EXPANSION SCHEME- XXVIII AND XXIX,,,2025-02,2025-03,2
N18000356,TRANSMISSION SYSTEM SCHEME FOR EVACUATION OF POWER FROM REZ RAJASTHAN (8.1 GW) UNDER PHASE-II PART,,,2025-02,2025-06,5
N18000357,ESTABLISHMENT OF KHAVDA POOLING STATION 3 (KPS3) IN KHAVDA RE PARK,,,2025-02,2025-06,5
N18000358,TRANSMISSION NETWORK EXPANSION IN GUJARAT ASSOCIATED WITH INTEGRATION OF RE PROJECTS FROM KHAVDA POT,,,2025-02,2025-06,5
N18000359,"KHAVDA-2, GUJARAT- ESTABLISHMENT OF KHAVDA POOLING STATION-2 (KPS2) IN KHAVDA RE PARK",,,2025-02,2025-06,5
N18000360,"KHAVDA PHASE-II-PART B, GUJARAT- TRANSMISSION SCHEME FOR EVACUATION OF 4.5 GW RE INJECTION AT KHAVDA",,,2025-02,2025-06,5
N18000361,"KHAVDA PHASE-II-PART C, GUJARAT- TRANSMISSION SCHEME FOR EVACUATION OF 4.5 GW RE INJECTION AT KHAVDA",,,2025-02,2025-06,5
N18000362,DIBANG MULTIPURPOSE PROJECT 2880 MW ARUNACHAL PRADESH,,,2025-02,2025-06,5
N18000363,KWAR HE PROJECT,,,2025-02,2025-06,5
N18000364,TALCHER THERMAL POWER PROJECT STAGE III(2X660 MW),,,2025-02,2025-06,5
N18000365,KHAVDA 1200MW (4X300MW) IN KHAVDA RE PARK,,,2025-02,2025-06,5
N18000366,DAYAPAR WIND- III (HYBRID TRANCHE-V),,,2025-02,2025-06,5
N18000367,BADAM COAL MINING PROJECT,,,2025-02,2025-06,5
N18000368,300 MW SOLAR POWER PROJECT UNDER CPSU SCHEME,,,2025-02,2025-06,5
N18000370,KERANDARI COAL MINING PROJECT,,,2025-02,2025-06,5
N18000373,"TS FOR EVACUATION OF POWER FROM REZ IN RAJASTHAN (20GW) UNDER PHASE-III, PART E1",,,2025-02,2025-06,5
N18000374,TS FOR EVACUATION POWER FROM REZ IN RAJASTHAN (20GW) UNDER PHASE-III PART H,,,2025-02,2025-06,5
N18000375,TS FOR EVACUATION POWER FROM REZ IN RAJASTHAN (20GW) UNDER PHASE-III PART C1,,,2025-02,2025-06,5
N18000376,TS FOR EVACUATION POWER FROM REZ IN RAJASTHAN (20GW) UNDER PHASE-III PART B1,,,2025-02,2025-06,5
N18000377,TS FOR EVACUATION OF 7GW RE INJECTION AT KHAVDA PS UNDER PHASE-IV PART E4,,,2025-02,2025-06,5
N18000378,TS FOR EVACUATION POWER FROM REZ IN RAJASTHAN (20GW) UNDER PHASE-III PART J,,,2025-02,2025-06,5
N18000379,TS FOR EVACUATION POWER FROM REZ IN RAJASTHAN (20GW) UNDER PHASE-III PART E2,,,2025-02,2025-06,5
N18000380,TRANSMISSION SCHEME FOR SOLAR ENERGY ZONE IN ANANTHPURAM (2500MW) AND KURNOOL (1000MW),,,2025-02,2025-06,5
N18000381,"LARA SUPER THERMAL POWER PROJECT, STAGE-II (2X800 MW)",,,2025-02,2025-06,5
N18000382,"SINGRAULI SUPER THERMAL POWER PROJECT, STAGE-III (2X800 MW)",,,2025-02,2025-06,5
N18000383,TS FOR EVACUATION OF POWER FROM POTENTIAL RE ZONE IN KHAVDA AREA OF GUJARAT UNDER PH-IV PART E3,,,2025-02,2025-06,5
N18000384,TS FOR EVACUATION OF ADDITIONAL 7GW RE POWER FROM KHAVDA RE PARK UNDER PHASE-III PART B [VATAMAN TRA,,,2025-02,2025-06,5
N18000385,TS FOR INTRGRATION OF RE ZONE (PHASE II) IN KOPPAL II (PHASE A and B) AND GADAG II (PHASE A) IN KARN,,POWER,2025-02,2025-06,5
N18000386,TS FOR EVACUATION OF POWER FROM RAJASTHAN REZ PH-IV (PART-1) [BIKANER COMPLEX] PART A [BIKANER III N,,,2025-02,2025-06,5
N18000387,TS FOR EVACUATION OF POWER FROM RAJASTHAN REZ PH-IV (PART-1) [BIKANER COMPLEX] PART D [NEEMRANA II B,,,2025-02,2025-06,5
N18000388,"TS FOR SOLAR ENERGY ZONE IN BIDAR (2500MW), KARNATAKA [BIDAR TRANSMISSION LTD]",,,2025-02,2025-06,5
N18000389,TS FOR EVACUATION OF POWER FROM REZ IN RAJASTHAN (20GW) UNDER PH-III PART D [SIKAR KHETRI TRANSMISSI,,,2025-02,2025-06,5
N18000390,TS FOR EVACUATION OF POWER FROM 7GW REZ IN KHAVDA AREA UNDER PHASE-IV PART E2,,,2025-02,2025-06,5
N18000391,TS FOR EVACUATION POWER FROM RAJASTHAN REZ PH-IV (PART-2:5.5GW) PART-B (JAISALMER/BARMER COMPLEX),,,2025-02,2025-06,5
N18000392,TS FOR EVACUATION POWER RAJASTHAN REZ PH-IV (PART- 2:5.5GW) (JAISALMER/BARMER COMPLEX): PART-C,,,2025-02,2025-06,5
N18000393,TS FOR EVACUATION POWER FROM RAJASTHAN REZ PH-IV (PART-2:5.5GW) (JAISALMER/BARMER COMPLEX) PART-C,,,2025-02,2025-06,5
N18000394,TS FOR EVACUATION POWER FROM RAJASTHAN REZ PH-IV (PART-2:5.5GW) (JAISALMER/BARMER COMPLEX) PART-E,,,2025-02,2025-06,5
N18000395,AUGMENTATION OF 1500MVA 3RD 765/400KV TRANSFORMATION CAPACITY AT KURNOOL NEW SUBSTATION,,,2025-02,2025-06,5
N18000396,ADDITIONAL TRANSMISSION SYSTEM FOR EVACUATION OF POWER FROM BHADLA-III PS AS PART OF RAJASTHAN REZ P,,,2025-02,2025-06,5
N18000397,TRANSMISSION SYSTEM STRENGTHENING FOR INTERCONNECTIONS OF BHADLA-III AND BIKANER III COMPLEX [SPV NA,,,2025-02,2025-06,5
N18000398,AUGMENTATION OF TRANSFORMATION CAPACITY AT JAM KHAMBHALIYA PS [GIS] [SPV NAME POWERGRID JAM KHAMBHAL,,,2025-02,2025-06,5
N18000399,TRANSMISSION SYSTEM FOR EVACUATION OF POWER FROM RAJASTHAN REZ PH-IV [PART-2 5.5GW] [JAISALMER/BARME,,,2025-02,2025-06,5
N18000400,TRANSMISSION SYSTEM FOR EVACUATION OF POWER FROM POTENTIAL RENEWABLE ENERGY ZONE IN KHAVDA AREA OF G,,,2025-02,2025-06,5
N18000401,TRANSMISSION SYSTEM FOR EVACUATION OF POWER FROM RAJASTHAN REZ PH -IV [PART-2 5.5 GW] [JAISALMER/BAR,,,2025-02,2025-06,5
N18000402,PROVISION OF DYNAMIC REACTIVE COMPENSATION AT KHAVDA POOLING STATION 1 [KPS1] AND KHAVDA POOLING STA,,,2025-02,2025-06,5
N18000403,TRANSMISSION SYSTEM FOR EVACUATION OF POWER FROM RAJASTHAN REZ PH-IV [PART-3 (6GW)] [BIKANER COMPLEX,,,2025-02,2025-06,5
N18000404,TRANSMISSION SYSTEM FOR EVACUATION OF POWER FROM RAJASTHAN REZ PH-IV [PART-3 (6 GW)] [BIKANER COMPLE,,,2025-02,2025-06,5
N18000405,TRANSMISSION SYSTEM FOR EVACUATION OF POWER FROM POTENTIAL RENEWABLE ENERGY ZONE IN KHAVDA AREA OF G,,,2025-02,2025-06,5
N18000406,600 MW SOLAR POWER PROJECT UNDER CPSU SCHEME,,,2025-02,2025-06,5
N18000407,TRANSMISSION SYSTEM FOR EVACUATION OF POWER FROM RAJASTHAN REZ PH-IV (PART-4: 3.5 GW): PART A,,,2025-04,2025-06,3
N18000408,TRANSMISSION SYSTEM UNDER ISTS FOR EVACUATION OF POWER FROM KUDANKULAM UNIT - 3 & 4 (2X1000 MW),,POWER,2025-04,2025-06,3
N18000409,SYSTEM STRENGTHENING AT KOPPAL-II AND GADAG-II FOR INTEGRATION OF RE GENERATION PROJECTS,,,2025-04,2025-06,3
N18000410,AUGMENTATION OF TRANSFORMATION CAPACITY AT BIDAR PS,,,2025-04,2025-06,3
N18000411,AUGMENTATION OF TRANSFORMATION CAPACITY AT KPS2 & KPS2,,,2025-04,2025-06,3
N18000412,AUGMENTATION OF BANASKANTHA (RAGHANESDA) PS (GIS),,,2025-04,2025-06,3
N18000413,TRANSMISSION SYSTEM FOR INTEGRATION OF KURNOOL-IV REZ ? PHASE-I (FOR 4.5 GW),,,2025-04,2025-06,3
N18000414,RAJASTHAN REZ PH-V (PART-1: 4 GW) [SIROHI/NAGAUR] COMPLEX,,,2025-04,2025-06,3
N18000415,"AUGMENTATION AT FATEHGARH-II PS, FATEHGARH- IV PS (SECTION-II) AND BARMER- I",,,2025-04,2025-06,3
N18000416,TRANSMISSION SYSTEM STRENGTHENING AT KURNOOL- III PS FOR INTEGRATION OF ADDITIONAL RE GENERATION PRO,,,2025-04,2025-06,3
N18000417,TRANSMISSION SCHEME FOR EVACUATION OF POWER FROM RATLE HEP (850 MW) & KIRU (624 MW): PART B,,,2025-04,2025-06,3
N18000418,NOKH SOLAR PV PROJECT 735 MW,,,2025-05,2025-06,2
N18000419,TRANSMISSION SCHEME FOR INTEGRATION OF DAVANAGERE / CHITRADURGA AND BELLARY REZ IN KARNATAKA,,,2025-05,2025-06,2
N18000420,IMPLEMENTATION OF LILO OF BOTH CIRCUITS OF 400KV VIDHYACHAL PS TO SASAN D/C LINE AT HINDALCO SWITCHY,,POWER,2025-05,2025-06,2
N18000421,EASTERN REGION EXPANSION SCHEME: 43 [ERES: 43],,,2025-05,2025-06,2
N18000422,EASTERN REGION EXPANSION SCHEME: 44 [ERES: 44],,,2025-05,2025-06,2
N18000423,TRANSMISSION SYSTEM FOR STRENGTHENING TO FACILITATE EVACUATION OF POWER FROM BHADLA/BIKANER COMPLEX,,,2025-05,2025-06,2
N21000027,"ALL INDIA INSTITUTE OF MEDICAL SCIENCE AT GUWAHATI, ASSAM",,HEALTH AND FAMILY WELFARE,2025-02,2025-06,5
N21000029,"CONSTRUCTION OF AIIMS AT JAMMU VIJAYPUR, SAMBA JAMMU AND KASHMIR",,,2025-02,2025-06,5
N21000031,"COMPREHENSIVE PLANNING, DESIGNING, EXECUTION OF ALL INDIA INSTITUTE OF MEDICAL SCIENCES AT BIBINAGAR",,,2025-02,2025-06,5
N21000032,"ALL INDIA INSTITUTE OF MEDICAL SCIENCES AT MANETHI, HARYANA.",,HEALTH AND FAMILY WELFARE,2025-02,2025-06,5
N21000033,500 BEDDED HOSPITAL INCLUDING 50 SUPERSPECIALITY BEDS FOR ESIC AT PUNE,,HEALTH AND FAMILY WELFARE,2025-02,2025-06,5
N22000028,"EXTENSION OF MRTS FROM VELACHERY TO STN. THOMAS, MTP",,RAILWAYS,2025-02,2025-06,5
N22000032,MANOHARABAD-KOTHPALL NEW LINE(SCR),,RAILWAYS,2025-02,2025-06,5
N22000085,TIDIVANAM-NAGARI (NL),,,2025-02,2025-06,5
N22000087,"NEW B.G. LINE FROM ARARIA TO GALGALIA (THAKURGUNG), NEFR",,,2025-02,2025-06,5
N22000092,MUMBAI URBAN TRANSPORT PROJECT PHASE-II,,,2025-02,2025-06,5
N22000100,"BHAIRABI SAIRONG, NL, NEFR",,RAILWAYS,2025-02,2025-06,5
N22000102,"SEVOK RANGPO, NEFR",,RAILWAYS,2025-02,2025-06,5
N22000108,NEW WORK FOR CONSTRUCTION OF METRO RAILWAY FROM NOAPARA- BARASAI VIA BIMANBANDER (MTP),,,2025-02,2025-06,5
N22000109,NEW WORK FOR CONSTRUCTION OF METRO RAILWAY FROM BARANAGAR TO BARRACKPORE AND DAKSHINESHWAR (MTP),,,2025-02,2025-06,5
N22000110,NEW WORK FOR CONSTRUCTION OF METRO RAILWAY FROM NSCB AIRPORT TO NEW GARIA VIA RAJARHAT (MTP),,,2025-02,2025-06,5
N22000111,NEW WORK FOR CONSTRUCTION OF METRO RAILWAY FROM JOKA TO BINOY BADAL DINESH BAGH.,,,2025-02,2025-06,5
N22000120,RATLAM-MHOW-KHANDWA- AKOLA (GC),,,2025-02,2025-06,5
N22000124,NEW LINE FROM DIMAPUR TO ZUBZA(KOHIMA) NATIONAL PROJECT (NEFR),,RAILWAYS,2025-02,2025-06,5
N22000134,CHHAPRA-BALLIA UP,,,2025-02,2025-06,5
N22000138,CHOTTAUDEPUR-DHAR(NL),,,2025-02,2025-06,5
N22000139,"DAHOD-INDORE VIA SARDARPUR, JHABUA AND DHAR (NL)",,,2025-02,2025-06,5
N22000142,MIYAGAM-KARJAN-DABHOI- SAMLAYA (GC),,,2025-02,2025-06,5
N22000148,GWALIOR-SEOPURKALA WITH EXTENSION TO KOTA (GC),,,2025-02,2025-06,5
N22000158,DHOLPUR-SIRMUTTRA WITH EXTENSION TO GANGAPURCITY AND MOHARI-TANTPUR AND TANPUR-BANSI PAHARPUR,,,2025-02,2025-06,5
N22000171,SAKRI-HASANPUR ROAD (NL),,,2025-02,2025-06,5
N22000177,ARARIA-SUPAUL (NL),,,2025-02,2025-06,5
N22000181,JAYNAGAR-BIJALPURA INCLUDING EXTENSION BIJALPURA-BARDIBAS(NEPAL) GC,,,2025-02,2025-06,5
N22000183,NEW BONGAIGAON-RANGIA- KAMAKGHYA DOUBLING,,,2025-02,2025-04,3
N22000206,NEW BG LINE FROM BALURGHAT TO HILLY NFR,,,2025-02,2025-06,5
N22000207,NEW BG LINE FROM JAGBANI TO BIRATNAGAR,,,2025-02,2025-06,5
N22000208,MURKONGSELEK-PASIGHAT NL,,,2025-02,2025-06,5
N22000219,PIRPAINTI-JASIDIH,,,2025-02,2025-06,5
N22000231,WARDHA-NANDED MAHARASHTRA,,,2025-02,2025-06,5
N22000233,KALYAN-KASARA 3RD LINE,,,2025-02,2025-06,5
N22000250,WARDHA-SEWAGRAM NGP 3RD LINE,,,2025-02,2025-06,5
N22000256,TUMKUR-CHITRADURGA- DAVENGERE NL,,,2025-02,2025-06,5
N22000258,BAGALKOT-KUDACHI NL,,,2025-02,2025-06,5
N22000261,KAZIPET-VIJAYAWADA 3RD LINE WITH ELECTRIFICATION,,,2025-02,2025-06,5
N22000273,BHANUPALI-BILASPUR BERI NL,,RAILWAYS,2025-02,2025-06,5
N22000274,DEOBAND (MUZAFFARNAGAR)- ROORKEE NL,,,2025-02,2025-06,5
N22000279,RAYADURGA-TUMKUR NL,,,2025-02,2025-06,5
N22000281,ANAND VIHAR-TILAK BRIDGE 3RD AND 4TH LINE,,RAILWAYS,2025-02,2025-06,5
N22000286,NADIKUDE-SRI KALAHASTI,,,2025-02,2025-06,5
N22000297,HOSPET-HUBLI-LONDA- VASCODAGAMA DL,,,2025-02,2025-06,5
N22000299,GADAG-WADI NL,,,2025-02,2025-06,5
N22000308,MARIKUPPAM - KUPPAM,,,2025-02,2025-06,5
N22000316,BHADRAK - NERGUNDI 3RD LINE,,,2025-02,2025-06,5
N22000318,KIRANDUL - JAGDALPUR DOUBLING,,,2025-02,2025-06,5
N22000329,SAMASTIPUR-DARBANGHA,,,2025-02,2025-06,5
N22000333,HOTGI-KUDGI-GADAG,,,2025-02,2025-06,5
N22000349,KIUL - GAYA DOUBLING PROJECT,,,2025-02,2025-06,5
N22000350,RAMPUR DUMRA - TAL - RAJENDRAPUL DOUBLING INCLUDING GANGA BRIDGE,,,2025-02,2025-06,5
N22000351,KATNI - SINGRAULI DOUBLING PROJECT,,,2025-02,2025-06,5
N22000356,WARDHA-BALHARSHAH - 3RD LINE (132 KM),,,2025-02,2025-06,5
N22000358,ITARSI-NAGPUR (BAL.) - 3RD LINE (267 KM),,,2025-02,2025-06,5
N22000359,PUNE-MIRAJ-LONDA (467 KM),,,2025-02,2025-06,5
N22000360,DAUND - MANMAD (236 KM),,,2025-02,2025-06,5
N22000361,MANMAD - JALGAON - 3RD LINE (160 KM),,,2025-02,2025-06,5
N22000362,WARDHA - NAGPUR - 4TH LINE (76 KM),,,2025-02,2025-06,5
N22000367,KAZIPET-BALHRSHA,,,2025-02,2025-06,5
N22000368,GUNTUR-GUNTAKAL,,,2025-02,2025-06,5
N22000369,VIJAYAWADA-GUDUR,,,2025-02,2025-06,5
N22000376,JAGADALPUR-KORAPUT DOUBLING,,,2025-02,2025-06,5
N22000377,KOTTAVALSA - KORAPUT DOUBLING,,,2025-02,2025-06,5
N22000379,KORAPUT - SINGAPUR ROAD DOUBLING,,,2025-02,2025-06,5
N22000380,JARAPADA - BUDHAPANK WITH FLY OVER AT TALCHER ROAD 3RD AND 4TH LINE,,,2025-02,2025-06,5
N22000381,BUDHAPANK - SALEGAON VIA RAJATGARH 3RD AND 4TH LINE.,,,2025-02,2025-06,5
N22000388,BONGAIGAON-GOALPARA- GUWAHATI (176 KM),,RAILWAYS,2025-02,2025-06,5
N22000396,BONDAMUNDA RANCHI DOUBLING,,,2025-02,2025-06,5
N22000399,TRIVANDRUM-KANYAKUMARI DOUBLING,,RAILWAYS,2025-02,2025-06,5
N22000401,VARANASI-MODHOSINGH- ALLAHABAD DOUBLING,,,2025-02,2025-04,3
N22000406,RISHIKESH - KARNAPRAYAG NEW LINE,,RAILWAYS,2025-02,2025-06,5
N22000409,VIZIANAGARAM -SAMABALPUR 3RD LINE,,,2025-02,2025-06,5
N22000416,KATNI GRADE SEPARATOR/BYE PASS,,,2025-02,2025-06,5
N22000417,RAMNA - SINGRAULI DOUBLING,,,2025-02,2025-04,3
N22000418,EXECUTION OF RAIL CONNECTIVITY PROJECT FOR COAL TRANSPORTATION IN ODISHA FOR MCRL,,,2025-02,2025-04,3
N22000419,KARAILA ROAD - SHAKTINAGAR DOUBLING,,,2025-02,2025-04,3
N22000420,RAJNANDGAON - NAGPUR - 3RD LINE (SECR),,,2025-02,2025-06,5
N22000434,MUMBAI CENTRAL VIRAR VADODARA AHMEDABAAD TRAIN PROTECTION SYSTEM 500 RKM,,,2025-02,2025-06,5
N22000463,MUMBAI AHMEDABAD HIGH SPEED RAIL PROJECT,,,2025-02,2025-06,5
N22000464,WESTERN DEDICATED FREIGHT CORRIDOR,,,2025-02,2025-06,5
N22000467,CHANDIGARH-BADDI,,,2025-02,2025-06,5
N22000468,BURHWAL - GONDA - 3RD RUNNING LINE.,,,2025-02,2025-06,5
N22000470,"SHAHGANJ-BHATNI-PHEPHNA- INDARA, MAU-SHAHGANJ (EXCL. MAU-INDARA) PATCH DOUBLING.",,,2025-02,2025-06,5
N22000472,SAGAULI VALMIKINAGAR DOUBLING 109.7 KM,,,2025-02,2025-06,5
N22000473,MUZAFFARPUR SAGAULI DOUBLING 100.60 KM,,,2025-02,2025-06,5
N22000476,"FATUHA-ISLAMPUR INCL. MM FOR EXTENSION OF NEW LINE FORM BIHARSHARIF-BARBIGHA, DANIYAWAN-BIHARSHARIF,",,,2025-02,2025-06,5
N22000480,WADSA-GADHCHIROLI NEW LINE (52.36 KM),,,2025-02,2025-06,5
N22000484,JHARSUGUDA-BILASPUR 4TH LINE,,,2025-02,2025-06,5
N22000485,ANUPPUR-KATNI,,,2025-02,2025-06,5
N22000486,KADUR CHIKMAGALUR SAKLESHPUR NEW LINE (93 KM),,,2025-02,2025-06,5
N22000489,KHARSIA DHARAMJAIGARH WITH SPUR LINE EAST CORRIDOR- PHASE I,,,2025-02,2025-06,5
N22000495,JHANSI MANIKPUR AND KHAIRAR BHIMSEN DOUBLING,,,2025-02,2025-06,5
N22000496,JHANSI BINA DOUBLING,,,2025-02,2025-06,5
N22000501,MATHURA-JHANSI-3RD LINE (273.80 KM),,,2025-02,2025-06,5
N22000502,"MANSA-BHATINDA (PHASE-I), INCL. NEW MATERIAL MODIFICATION FOR RAMA MANDI (RAMAN) - SADA SINGHWALA VI",,RAILWAYS,2025-02,2025-04,3
N22000503,NIMACH BADI SADRI NEW LINE PROJECT,,,2025-02,2025-06,5
N22000504,ANAND GODHRA DOUBLING PROJECT 79 KMS,,,2025-02,2025-06,5
N22000505,MEHSANA PALANPUR DOUBLING PROJECT 65.10 KMS,,,2025-02,2025-04,3
N22000506,NARAYANGARH TO BHADRAK 3RD LINE (155 KM),,,2025-02,2025-06,5
N22000508,LODHMA TO PISKA LINK LINE BY PASSING HATIA/RANCHI WITH Y CONNECTION (17.2 KM),,,2025-02,2025-06,5
N22000510,PURULIA TO KOTSHILA DOUBLING (39.1 KM),,,2025-02,2025-06,5
N22000511,PACHORA-JAMNER WITH EXTENSION UPTO MALKAPUR NG TO BG,,,2025-02,2025-06,5
N22000513,SOLAPUR-TULJAPUR- OSMANABAD (UMBRELLA WORK),,,2025-02,2025-06,5
N22000514,DHULE (BORVIHIR)-NARDANA (UMBRELLA WORK),,,2025-02,2025-06,5
N22000515,KALYAN-MURBAD VIA ULHASNAGAR (UMBRELLA WORK),,,2025-02,2025-06,5
N22000516,JEYPORE MALKANGIRI NEW LINE,,,2025-02,2025-06,5
N22000517,JEYPORE NABARANGPUR NEWLINE,,,2025-02,2025-06,5
N22000518,TALCHER - ANGUL NEW LINE WITH Y CONNECTION AT TALCHER,,,2025-02,2025-06,5
N22000519,KODINGAMALI BAUXITE MINES TO SINGARAM RAILWAY STATION,,,2025-02,2025-06,5
N22000520,GANDHAMARDAN IRON ORE MINES TO GOALDIH STATION,,,2025-02,2025-06,5
N22000521,BRUNDAMAL-JHARSUGUDA- FLYOVER CONNECTION FOR JOINING DN LINE,,,2025-02,2025-06,5
N22000522,BAGHUAPAL FLY OVER (20 KM),,,2025-02,2025-06,5
N22000523,DARBHANGA - BYPASS LINE CONNECTING SHISHO HALT AND KAKARGHATI EXCL DARBHANGA YARD (7.64 KM),,,2025-02,2025-04,3
N22000524,BARAUNI- BACHWARA 3RD AND 4TH LINE,,,2025-02,2025-06,5
N22000525,SURFACE TRIANGLE LINE BETWEEN BHADURA STATION AND NEW CROSSING STN KARMA DOUBLING,,,2025-02,2025-06,5
N22000526,JHAJHA - BATIA (UMBRELLA WORK PB#23/2018-19/NR),,,2025-02,2025-06,5
N22000528,SONENAGAR BYE PASS LINE FROM CHIRALAPOTHU TO BAGHA BISHUNPUR,,,2025-02,2025-06,5
N22000529,DOUBLING OF PRADHANKHUNTA JN -PATHERDIH BAZAR- BHOJUDIH,,,2025-02,2025-06,5
N22000532,4TH LINE BETWEEN BAREJADI NANDEJ (GERATPUR)- SANAND (38.20 KM) (AHMEDABAD BYPASS).,,,2025-02,2025-06,5
N22000533,QUADRUPLING BETWEEN GANDHIDHAM - ADIPUR WITH Y CONNECTION AT ADIPUR FOR PROVIDING DIRECT ENTRY TOWAR,,,2025-02,2025-06,5
N22000535,RAJKOT-KANALUS (111.20 KM),,,2025-02,2025-06,5
N22000536,NIMACH-RATLAM (133 KM),,,2025-02,2025-06,5
N22000537,HIMMATNAGAR-KHEDBRAHMA (54.83 KM),,,2025-02,2025-06,5
N22000538,PETLAD-BHADRAN (22.5 KM),,,2025-02,2025-06,5
N22000539,NADIAD-PETLAD (37.26 KM),,,2025-02,2025-06,5
N22000540,SAMLAYA-TIMBA ROAD (53.53 KM),,,2025-02,2025-06,5
N22000541,SAMNI-JAMBUSAR (24.08 KM),,,2025-02,2025-06,5
N22000542,BAIYYAPPANAHALLI-HOSUR (48 KM),,,2025-02,2025-06,5
N22000543,YESHVANTHPUR- CHANNASANDRA (21.7 KM),,,2025-02,2025-06,5
N22000544,MUGHALSARAI - ALLAHABAD - 3RD LINE,,,2025-02,2025-06,5
N22000545,ALIGARH-HARDUAGANJ FLYOVER (22 KM),,,2025-02,2025-06,5
N22000546,LALITPUR - BIRARI WITH FLYOVER AT LALITPUR,,,2025-02,2025-06,5
N22000547,VIJAPUR-AMBLIYASAN (41.53 KM),,,2025-02,2025-06,5
N22000548,ADRAJ MOTI-VIAJAPUR (39.75 KM),,,2025-02,2025-06,5
N22000550,NEW BG LINE BETWEEN NALIYA- JAKHAU PORT,,,2025-02,2025-06,5
N22000551,NEW BG LINE INTERSECTION (5 NOS) BETWEEN GERATPUR- SANAND & BOTAD-AHMEDABAD (16.51 KM),,,2025-02,2025-06,5
N22000553,AGRA FORT-BANDIKUI,,RAILWAYS,2025-02,2025-06,5
N22000554,SATNA - REWA (50 KM),,,2025-02,2025-06,5
N22000555,"PENUKONDA-DHARMAVARAM, EXCL. DHARMAVARAM (41.5 KM)",,,2025-02,2025-06,5
N22000556,MALUGUR-PALASAMUDRAM (17.98 KM) (PB#29/NR/2022-23),,,2025-02,2025-06,5
N22000557,BELGAUM-DHARWAD VIA KITTUR (73.10 KM) (UMBRELLA WORK PB#22/2019-20/NR),,,2025-02,2025-06,5
N22000558,HASSAN (ALUR) - BELUR (32 KM) (UMBRELLA WORK PB#23/2018- 19/NR),,,2025-02,2025-06,5
N22000559,SHIMOGA-SHIKARIPURA- RANEBENNUR (UMBRELLA WORK PB#23/2018-19/NR),,,2025-02,2025-06,5
N22000562,ALIGARH-DAUD KHAN - 3RD LINE 6.9 KM AND CONSTRUCTION OF FLYOVER AT DAUD KHAN,,,2025-02,2025-06,5
N22000563,ALLAHABAD-BAMHRAULI - 4TH LINE (10 KM) WITH FLY-OVER AT SUBEDARGANJ,,,2025-02,2025-06,5
N22000564,BHANDAI - FLYOVER FOR ETAWAH BOUND DOWN TRAINS,,,2025-02,2025-06,5
N22000565,SAHJANWA - DOHRIGHAT,,,2025-02,2025-06,5
N22000566,BAHRAICH - NANPARA - NEPALGANJ (56.15 KM),,,2025-02,2025-06,5
N22000568,CHENNAI BEACH-CHENNAI EGMORE (4.3 KM) (UMBRELLA WORK PB#57/2019-20/NR),,,2025-02,2025-06,5
N22000569,BAHRAICH SRAVASTI BALRAMPUR (TULSIPUR),,,2025-02,2025-06,5
N22000570,KATIHAR-KUMEDPUR & KATIHAR- MUKURIA (64.5 KM) (UMBRELLA WORK PB#57/2019-20/NR),,,2025-02,2025-06,5
N22000571,ROURKELA-BONDAMUNDA A- CABIN 5TH LINE (10 KM) (UMBRELLA WORK PB#57/2019- 20/NR),,,2025-02,2025-06,5
N22000572,Gauge conversion of Raipur(Kendri)- Dhamtari and Abhanpur-Rajim branch (67.20 km),,,2025-02,2025-06,5
N22000573,NIPANIA-BHATAPRA (14.4 KM) 4TH LINE (PB#72/NR/2022-23),,,2025-02,2025-06,5
N22000574,4TH LINE - BHATAPARA- HATHBAND (8.8 KM) (PB#72/NR/2022-23),,,2025-02,2025-06,5
N22000575,4TH LINE - BHILAI-BHILAI NAGAR (8.8 KM) (PB#72/NR/2022-23),,,2025-02,2025-06,5
N22000576,4TH LINE - DADHAPARA-BELHA (9.2 KM) (PB#72/NR/2022-23),,,2025-02,2025-06,5
N22000577,4TH LINE - RAJNANDGAON- DONGARHGARH (31.2 KM) (PB#72/NR/2022-23),,,2025-02,2025-06,5
N22000579,3RD AND 4TH LINE - SARAGBUNDIA AND MADWARANI,,,2025-02,2025-06,5
N22000580,DOUBLING OF BORIDAND - AMBIKAPUR ( SURAJPUR),,,2025-02,2025-06,5
N22000583,JANGHAI PRATAPGARH AMETHI DOUBLING,,,2025-02,2025-06,5
N22000584,LUDHIANA KILA RAIPUR (19 KMS) WITH FREIGHT LINE AT GILL STATION ON LDH-JHL SECTION,,RAILWAYS,2025-02,2025-06,5
N22000585,DOUBLING BETWEEN GOOTY- PENDAKALLU (29.225),,,2025-02,2025-06,5
N22000586,VIJAYAWADA KAZIPET BYEPASS LINE,,,2025-02,2025-06,5
N22000587,RENIGUNTA WADI GOOTY - BYPASS,,,2025-02,2025-06,5
N22000589,LUDHIANA MULLANPUR DOUBLING,,RAILWAYS,2025-02,2025-06,5
N22000590,BARABANKI MALHAUR 3RD AND 4TH LINE (32.84 KM),,,2025-02,2025-06,5
N22000591,DOUBLING BETWEEN JAUNPUR JN-ZAFFARABAD (6.28 KM),,,2025-02,2025-06,5
N22000592,TARANGA HILL ABU ROAD VIA AMBAJI NEW LINE,,,2025-02,2025-06,5
N22000593,GUDHA THATHANA MITHRI TEST TRACK FOR RDSO,,,2025-02,2025-06,5
N22000594,DEDICATED TEST TRACK FOR RDSO (PHASE II),,,2025-02,2025-06,5
N22000595,KHARAGPUR-ADITYAPUR - 3RD LINE (132 KM),,,2025-02,2025-06,5
N22000596,JANGHAI-PHAPHAMAU - DOUBLING WITH ELECTRIFICATION (46.79 KM),,,2025-02,2025-06,5
N22000598,BHATNI - AUNRIHAR WITH ELECTRIFICATION (125 KM) (EXCL INDARA - MAU (116.95 KM)),,,2025-02,2025-06,5
N22000599,3RD LINE BETWEEN DHANBAD SONNAGAR,,,2025-02,2025-06,5
N22000600,JUNAGARH -VISAVADAR (42.28) KM,,,2025-02,2025-06,5
N22000601,INDORE BUDNI (INDORE JABALPUR),,,2025-02,2025-06,5
N22000602,DALLIRAJHARA - ROWGHAT (95 KM) {PART OF DALLIRAJHARA- JAGDALPUR (235 KM)},,,2025-02,2025-06,5
N22000604,DOUBLING BETWEEN BHIWANI- DOBH BAHALI,,,2025-02,2025-06,5
N22000605,DOUBLING BETWEEN CHURU- RATANGARH (42.81 KM),,,2025-02,2025-06,5
N22000606,DOUBLING BETWEEN REWARI- KATHUWAS (27.73 KM),,,2025-02,2025-06,5
N22000607,SAWAIMADHOPUR - BYPASS LINE (6.98 KM) (UMBRELLA WORK PB#57/2019-20/NR),,,2025-02,2025-06,5
N22000608,GC OF NATHDWARA - DEVGARH MADARIYA (82.5KM),,,2025-02,2025-06,5
N22000609,AZIMGANJ-MURSHIDABAD (JIYAGANJ) INCL. RLY. BRIDGE OVER RIVER BHAGIRATHI,,,2025-02,2025-04,3
N22000610,GARHWA ROAD - RAIL OVER RAIL,,,2025-02,2025-06,5
N22000611,GOMOH - FLYOVER FOR DOWN TRAINS,,,2025-02,2025-06,5
N22000612,MATHURA - VRINDAVAN (11 KM),,,2025-02,2025-06,5
N22000613,DOMINGARH - GORAKHPUR - GORAKHPUR CANTT - KUSUMHI - 3RD RUNNING LINE (21.15 KM),,,2025-02,2025-06,5
N22000614,FEROZPUR - PATTI (25.72 KM),,,2025-02,2025-06,5
N22000615,BARAMATI - LONAND,,,2025-02,2025-06,5
N22000616,CHIRIMIRI-NAGPUR HALT,,,2025-02,2025-06,5
N22000618,MORAPPUR-DHARMAPURI,,,2025-02,2025-06,5
N22000619,ERNAKULAM-KUMBALAM - PATCH DOUBLING (7.71 KM),,,2025-02,2025-06,5
N22000620,KUMBALAM-THURAVUR - PATCH DOUBLING (15.59 KM),,,2025-02,2025-06,5
N22000621,BANGALORE-WHITEFIELD- BANGALORE CITY- KRISHNARAJAPURAM QUADRUPLING,,,2025-02,2025-06,5
N22000622,MODASA- SHAMLAJI NEW LINE ( MM OF AHMEDABAD- HIMMATNAGAR-UDAIPUR (299.2 KM)),,,2025-02,2025-06,5
N22000624,NAHATI - RANAGHAT 3RD LINE (MM OF KALINARAYANPUR - KRISHNANAGAR),,,2025-02,2025-06,5
N22000625,KARAIKAL PERALAM(23KM)-NEW LINE PROJECT,,,2025-02,2025-05,4
N22000626,NAGAPATTINAM THIRUTURAIPUNDI (38KM)- NEW LINE PROJECT,,,2025-02,2025-06,5
N22000627,MUMBAI URBAN TRANSPORT PROJECT IIIA,,,2025-02,2025-06,5
N22000628,EAST WEST METRO CORRIDOR KOLKATA,,,2025-02,2025-06,5
N22000629,NAGPUR- NAGBHIR RAILWAY LINE GAUGE CONVERSION PROJECT,,,2025-02,2025-06,5
N22000630,KALIPAHARI - BAKHTARNAGAR 5TH LINE (17.61 KM),,,2025-02,2025-06,5
N22000631,SITARAMPUR BYE - PASS LINE (6.59 KM),,,2025-02,2025-06,5
N22000632,MURARAI - BARHARWA 3RD LINE (48.90 KM),,,2025-06,2025-06,1
N24000165,PATNA-MUZZAFFARPUR,,,2025-02,2025-06,5
N24000182,VARANASI-AURANGABAD KM.786 TO KM.978.40,,,2025-02,2025-06,5
N24000187,4-LANNING OF CHAPRA-HAJIPUR,,,2025-02,2025-06,5
N24000245,REHABILITATION AND UPGRADATION OF NH -565 FROM KM 1.00 TO 86.057,,,2025-02,2025-06,5
N24000247,REHABILITATION AND UPGRADATION OF NH-221 FROM KM 121/0 TO 165/00,,,2025-02,2025-06,5
N24000248,EPC- CORRIDOR APPROACH WORKS - NH (O): WIDENING EXISTING 2 LANE TO 2 LANE WITH PAVED SHOULDERS IN KM,,,2025-02,2025-06,5
N24000301,REHABILITATION AND UPGRADATION OF NH-219 FROM KM 58-600 TO KM 140-750 IN THE STATE OF ANDHRA PRADES,,,2025-02,2025-05,4
N24000319,4 LANING OF JORHAT TO JHANJI SECTION FROM KM. 453.00 TO KM. 491.08 (DESIGN KM 403.200 TO KM 454.240),,,2025-02,2025-06,5
N24000320,FOUR LANING OF JHANJHI JN TO DEMOW SECTION FROM KM. 491.050 TO KM. 535.250,,,2025-02,2025-06,5
N24000331,CONSTRUCTION OF RING ROAD FOR RAEBARELI CITY (PHASE -I) ON EASTERN SIDE OF NH 24B,,,2025-02,2025-06,5
N24000332,REHABILITATION AND UPGRADATION OF END OF AHMEDNAGAR BYPASS TO KHARWANDI KASAR SECTION OF NH-222 FROM,,,2025-02,2025-05,4
N24000334,STRENGTHENING AND WIDENING TO TWO LANE WITH PAVED SHOULDERS FROM KM.106.00 TO 153.00 OF NH-218 BIJAP,,,2025-02,2025-06,5
N24000382,REHABILITATION AND UPGRADING TO 2 LANES/2 LANE WITH PAVED SHOULDERS CONFIGURATION OF BIRPUR - BIHPUR,,,2025-02,2025-06,5
N24000431,4 LANING FROM JAMUGURI TO BISWANATH CHARIALI FROM KM 182 TO KM 208 OF NH-52,,,2025-02,2025-06,5
N24000438,4 LANING FROM RANGAGARA TO KALIABHOR TINALI FROM KM 297.00 TO KM 315.315 OF NH-37 ON EPC BASIS.,,,2025-02,2025-06,5
N24000442,"CONSTRUCTION OF FLYOVER AT KM.544.650 INCLUDING ROB ,SERVICE ROADS ,FOOTPATH FOR RCC DRAINS ON URBAN",,,2025-02,2025-06,5
N24000462,4-LANING OF GOA/KARNATAKA BORDER-KUNDAPUR SECTION,,,2025-02,2025-06,5
N24000463,4 LANING OF NH-31D FROM GHOSHPUKUR - SALSALABARI ( KM 0.00 TO KM . 83.785),,,2025-02,2025-06,5
N24000465,4-LANING OF KASHIPUR- SITARGANJ SECTION,,,2025-02,2025-06,5
N24000480,FOUR OF SIMARIA - KHAGARIA SECTION OF NH-31,,,2025-02,2025-06,5
N24000488,FOUR LANING OF UDHAMBUR - RAMBAN SECTION OF NH-1A,,,2025-02,2025-06,5
N24000507,FOUR LANING OF BAKHTIYARPUR - MOKAMA SECTION OF NH-31,,,2025-02,2025-06,5
N24000513,UMARIYA TO SHAHDOL SECTION OF NH-78 IN MADYA PRADESH KM 68/4 TO 142/200,,,2025-02,2025-06,5
N24000515,SIX-LANING OF BARWA ADDA- PANAGARH,,,2025-02,2025-06,5
N24000531,REHABILITATION AND UPGRADING TO 2 LANES/2 LANE WITH PAVED SHOULDERS (KM 40 TO KM 219.945) OF NH-104,,,2025-02,2025-06,5
N24000552,4-LANNING EXISTING KM 189.700 TO 237.00] HASSAN TO MARANAHALLY,,,2025-02,2025-03,2
N24000556,FOUR LANNING OF RAMPUR- KATHGODAM SECTION OF NH-87 FROM KM 0.000 (KM. 190.000 OF NH-24) TO KM 42.791,,,2025-02,2025-02,1
N24000559,FOUR LANNING OF RAMPUR- KATHGODAM SECTION OF NH-87 FROM KM 42.791 (DESIGN CHAINAGE 43.446) TO KM 88,,,2025-02,2025-02,1
N24000560,NAGPUR RING ROAD PACKAGE-2,,,2025-02,2025-06,5
N24000564,4-LANNING OF HARIDWAR- NAGINA SECTION OF NH 74 FROM (KM 204.300 OF NH 58) TO KM 73.00,,,2025-02,2025-06,5
N24000567,FOUR LANING OF BHAVNAGAR- TALAJA SECTION OF NH-8E FROM KM. 7.090 TO KM. 53.585,,,2025-02,2025-04,3
N24000569,FOUR LANING OF KAGAVADAR - UNA SECTION OF NH-8E FROM KM 139.915 TO KM 180.478 (PACKAGE-IV) IN THE ST,,,2025-02,2025-06,5
N24000570,FOUR LANING OF UNA TO KODINAR OF NH-8E FROM KM. 180.478 TO KM 221.610 (PACKAGE-V) IN THE STATE OF GU,,,2025-02,2025-04,3
N24000576,CONSTRUCTION OF REHABILITATION AND UPGRADING TO 2 LANES/2 LANE,,,2025-02,2025-06,5
N24000578,"PROCUREMENT, AND CONSTRUCTION OF REHABILITATION AND UPGRADING TO 2 LANES/2 LANE",,,2025-02,2025-06,5
N24000579,FOUR LANING OF GAYA-HISUA- RAJGIRI-NALANDA-BIHARSHARIF SECTION (KM0.00 TO 92.935) ON NH-82 IN BIHAR,,,2025-02,2025-06,5
N24000582,4 LANING OF NH-37 SECTION BETWEEN DEMOW TO END OF MORAN BYPASS (FROM KM. 534.800 TO KM. 561.700) O,,,2025-02,2025-06,5
N24000583,4 LANING OF NH 37 SECTION BETWEEN END OF MORAN BYPASS TO BOGIBEEL JUNCTION NEAR LAPETKETA,,,2025-02,2025-06,5
N24000584,4-LANNING OF NH17 AND NEW NO. NH66 FROM KM 161/600 TO 205/400 UNDER HYBRID ANNUITY MODE,,,2025-02,2025-06,5
N24000585,4-LANNING OF NH17 AND NEW NO. NH66 FROM KM 241/300 TO 281/300 UNDER HYBRID ANNUITY MODE,,,2025-02,2025-06,5
N24000592,4-LANNING OF KODINAR TO VERAVAL SECTION OF NH-8E FROM KM 221.610 TO KM 263.000,,,2025-02,2025-06,5
N24000603,HOSPET-BELLARY-KARNATAKA AP BORDER,,,2025-02,2025-04,3
N24000613,FOUR LANNING OF NERCHOWK- PANDOH BYPASS SECTION OF NH-21(PACKAGE-I KM 190.000 TO KM 221.305) UNDER NH,,,2025-02,2025-06,5
N24000619,DEVELOPMENT OF FOUR LANNING OF ANGUL- SAMBALPUR SECTION OF NATIONAL HIGHWAY NH-42,,,2025-02,2025-06,5
N24000649,SIX LANNING FROM KM. 401.200 TO 494.410 OF NH-8 ON HYBRID ANNUITY MODE UNDER NHDP- V(PKG VI)REG.,,,2025-02,2025-06,5
N24000656,4-LANNING OF BODHRE-DHULE SECTION(KM 390.000 TO 452.800),,,2025-02,2025-06,5
N24000659,4-LANNING OF WARANGA- MAHAGAON SECTION(KM 253.7000 TO 320.580),,,2025-02,2025-05,4
N24000665,TWO-LANNING WITH PAVED SHOULDER OF MAHSHKUNT- SAHARSA-PURNEA SECTION FROM EXISTING KM.89.020,,,2025-02,2025-06,5
N24000683,TWO LANING OF JORAM KOLORIANG ROAD (NH 713) ON EPC BASIS FROM DESIGN KM. 138+000 TO KM. 154+036 [EX,,,2025-02,2025-06,5
N24000685,CONSTRUCTION OF TWO LANE WITH PAVED SHOULDERS OF JORAM KOLORIANG ROAD (NH 713) ON EPC BASIS FROM EXI,,,2025-02,2025-02,1
N24000686,FOUR LANING OF DIMAPUR KOHIMA ROAD FROM DESIGN KM 123.840 TO KM 138.775,,,2025-02,2025-05,4
N24000688,FOUR LANING OF EXISTING DIMAPUR KOHIMA ROAD FROM DESIGN KM 152.490 TO KM 166.700,,,2025-02,2025-06,5
N24000696,SIX LANNING OF AUNTA- SIMARIA(GANGA BRIDGE WITH APPROACH ROADS) SECTION OF NH-31,,,2025-02,2025-06,5
N24000697,FOUR LANNING OF CHOLOPURAM-THANJAVUR,,,2025-02,2025-06,5
N24000704,4-LANNING OF THALSERRY - MAHE BYPASS,,,2025-02,2025-05,4
N24000708,4-LANNING OF STHIYATHOPU- CHOLOPURAM,,,2025-02,2025-06,5
N24000709,BALANCE WORK FOR FOUR LANING OF ITARSI TO BETUL SECTION OF NH69 FROM KM 63.000 TO KM 137.00,,,2025-02,2025-04,3
N24000714,CONSTRUCTION OF NEW LINK (NH-133B) FROM KM 0/00 (KM 200/87 OF SAHIBANJ BYPASS) IN JHARKHAND TO KM 15,,,2025-02,2025-06,5
N24000715,REHABILITATION AND UPGRADATION OF CUTTACK ANGUL SECTION OF NH-42 (NEW NH-55) TO 4 LANE,,,2025-02,2025-06,5
N24000717,CONSTRUCTION OF STAND ALONE RING ROAD/ BYPASS AROUND JAMMU CITY IN THE STATE OF J AND K ON EPC MODE,,,2025-02,2025-06,5
N24000723,REHABILITATION AND UPGRADATION OF TWO LANING OF MAHESHKHUNT - SAHARSA - PURNEA SECTION PKG - I,,,2025-02,2025-06,5
N24000726,SIX LANING OF BIHAR - JHARKHAND BORDER (CHORDAHA) TO GORHAR SECTION,,,2025-02,2025-06,5
N24000733,REHABILITATION AND UP- GRADATION OF EXISTING 2- LANE TO 4 LANE OF DUBURI (KM 388.376) TO CHANDIKHOLE,,,2025-02,2025-06,5
N24000734,REHABILITATION AND UP- GRADATION OF EXISTING 2- LANE TO FOUR LANE FROM TALCHAR TO END OF KAMAKHYANAG,,,2025-02,2025-06,5
N24000736,REHABILITATION AND UPGRADATION OF CUTTACK- ANGUL SECTION TO 4 LANE (KM 60.20) TO (KM 112.0) PKG II ON,,,2025-02,2025-06,5
N24000738,REHABILITATION AND UPGRADATION OF SIX LANING OF BHADRAK BALESHWAR SECTION (KM 136.50) TO,,,2025-02,2025-06,5
N24000739,REHABILITATION AND UP- GRADATION TO 4-LANING OF RAJAMUNDA-BARKOTE SECTION OF NH-23 (NEW NH NO. 143),,,2025-02,2025-06,5
N24000741,CONSTRUCTION AND UPGRADATION OF EXISTING ROAD TO 2 LANE WITH PAVED SHOULDER FROM KM 368.00 TO KM 399,,,2025-02,2025-05,4
N24000742,2 LANE WITH PAVED SHOULDER FROM KM 399.00 TO KM 430.00 OF KARANPARYAG TO CHAMOLI UNDER CHARDHAM PARI,,,2025-02,2025-06,5
N24000743,2 LANE WITH PAVED SHOULDER FROM KM 430.00 TO KM 468.00 OF CHAMOLI TO PAINI UNDER CHARDHAM PARIYOJNA,,,2025-02,2025-06,5
N24000745,"2 LANE WITH HARD SHOLDER , REHABILITATION AND UP GRADATION OF SECTION FROM KM 242.0 TO KM 298.0 OF N",,,2025-02,2025-06,5
N24000749,REHABILITATION AND UP GRADATION OF SECTION FROM KM 206.00 TO KM 242.00 (NIMBUTALA TO AUSTIN CREEK) O,,,2025-02,2025-06,5
N24000752,(I) CONSTRUCTION OF FOUR/SIX LANING FROM KM 132.375 TO KM 158.058,,,2025-02,2025-06,5
N24000753,(II) CONSTRUCTION OF DIMAPUR BYPASS (ASSAM PORTION) OF 4/6 LANE PAVEMENT ON EPC BASIS FROM EXISTING,,,2025-02,2025-06,5
N24000756,CONSTRUCTION OF TWO LANE WITH HARD SHOULDERS OF CHAKABAMA-ZUNHEBOTO ROAD FROM EXISTING KM 52.370 TO,,,2025-02,2025-02,1
N24000763,CONSTRUCTION OF TWO LANE WITH HARD SHOULDERS OF MERANGKONG-TAMLU-MON ROAD FROM EXISTING KM 20.456 TO,,,2025-02,2025-06,5
N24000765,CONSTRUCTION OF TWO LANE WITH HARD SHOULDERS OF MERANGKONG-TAMLU-MON ROAD FROM EXISTING KM 60.345 TO,,,2025-02,2025-06,5
N24000767,CONSTRUCTION OF 2-LANE WITH PAVED SHOULDER INCLUDING GEOMETRIC IMPROVEMENT FROM KM 0.000 TO KM 16.00,,,2025-02,2025-06,5
N24000768,CONSTRUCTION OF 2-LANE WITH PAVED SHOULDER INCLUDING GEOMETRIC IMPROVEMENT FROM KM 16.000 TO KM 32.5,,,2025-02,2025-05,4
N24000771,WIDENING TO 2-LANE WITH GEOMETRIC IMPROVEMENTS OF TURA DALU ROAD UNDER JICA FUNDING FROM KM 85.000 T,,,2025-02,2025-06,5
N24000772,RECONSTRUCTION WITH GEOMETRIC IMPROVEMENT OF EXISTING 2 LANE/INTERMEDIATE LANE TO 2LANE WITH PAVED S,,,2025-02,2025-06,5
N24000773,RECONSTRUCTION WITH GEOMETRIC IMPROVEMENT OF EXISTING 2 LANE/INTERMEDIATE LANE TO 2LANE WITH PAVED S,,,2025-02,2025-06,5
N24000774,WIDENING OF EXISTING SINGLE LANE ROAD TO TWO LANE WITH PAVED SHOULDERS CONFIGURATION FROM KM. 235.00,,,2025-02,2025-06,5
N24000775,RECONSTRUCTION WITH GEOMETRIC IMPROVEMENT OF EXISTING 2 LANE/INTERMEDIATE LANE TO 2LANE WITH PAVED S,,,2025-02,2025-06,5
N24000776,RECONSTRUCTION WITH GEOMETIC IMPROVEMENT OF EXISTING TWO LANE TO 2- LANE WITH PAVED SHOULDERS CONFIG,,,2025-02,2025-06,5
N24000777,RECONSTRUCTION WITH GEOMETIC IMPROVEMENT OF SINGLE LANE TO 2- LANE WITH PAVED SHOULDER CONFIGURATION,,,2025-02,2025-06,5
N24000778,RECONSTRUCTION WITH GEOMETRIC IMPROVEMENT OF EXISTING SINGLE/INTERMEDIATE LANE TO 2LANE WITH PAVED S,,,2025-02,2025-06,5
N24000779,RECONSTRUCTION WITH GEOMETRIC IMPROVEMENT OF EXISTING SINGLE/INTERMEDIATE LANE TO 2 LANE WITH EAR,,,2025-02,2025-06,5
N24000780,REHABILITATION AND UP GRADATION OF 2 LANE/ 2 LANE WITH PAVED SHOULDER FROM EXISTING KM. 172.900 TO K,,,2025-02,2025-06,5
N24000781,CONSTRUCTION OF KUND BYPASS FROM EXISTING KM 33+130 TO KM 41+260 (EXISTING LENGTH: 8.130 KM); DESIGN,,,2025-02,2025-06,5
N24000782,REHABILITATION AND UPGRADATION OF 2 LANE WITH PAVED SHOULDER FROM EXISTING KM. 195.175 TO KM. 220.00,,,2025-02,2025-06,5
N24000784,6-LANING OF KOZHIKODE BYPASS (CALICUT BYPASS) (I.E. VENGALAM JN. TO RAMANATTUKARA JN.) SECTION OF NH,,,2025-02,2025-06,5
N24000788,REHABILITATION AND UP GRADATION OF EXISTING ROAD TO 2-LANE WITH PAVED SHOULDER CONFIGURATION IN PURU,,,2025-02,2025-06,5
N24000795,CONSTRUCTION/ UP-GRATION OF FOUR/TWO LANE WITH PAVED SHOULDER OF NH68 FROM TANOT-RAMGARH BHADASAR-JA,,,2025-02,2025-06,5
N24000796,CONSTRUCTION OF NH-24 EXTENSION 4-LANE BYPASS STARTING FROM BEHTA ROAD AND TERMINATING AT SITAPUR RO,,,2025-02,2025-03,2
N24000798,SIX LANING OF HAPUR BYPASS TO MORADABAD SECTION INCLUDING HAPUR BYPASS FROM KM 50.000,,,2025-02,2025-06,5
N24000811,CONSTRUCTION OF SIX LANING OF DEDICATED PORT ROAD TO KRISHNAPATNAM PORT (PACKAGE-I) KM 0+000 TO KM 1,,,2025-02,2025-06,5
N24000813,DEVELOPMENT OF NEWLY DECLARED NH-527C FROM MAJHAULI TO CHAROUT SECTION TO 2 LANE WITH PAVED SHOULDER,,,2025-02,2025-06,5
N24000820,Rehabilitation and up gradation to 2 lane with paved shoulder configuration from existing km. 122.00,,,2025-02,2025-06,5
N24000821,RECONSTRUCTION WITH GEOMETRIC IMPROVEMENT OF EXISTING 2 LANE/INTERMEDIATE LANE TO 2LANE WITH PAVED S,,,2025-02,2025-06,5
N24000826,FOUR LANINIG OF CHETTIKULAM TO NATHAM SECTION OF NH-785 FROM CHETTIKULUM (KM 7.300) TO NATHAM,,,2025-02,2025-06,5
N24000834,CONSTRUCTION OF EIGHT LANE VADODARA KIM EXPRESSWAY FROM KM 254.430 TO KM 279.000,,,2025-02,2025-06,5
N24000851,CONSTRUCTION OF 8 LANING OF EXISTING 4 LANE VADAPE TO THANE FROM KM 539.202 TO KM 563.000 SECTION OF,,,2025-02,2025-06,5
N24000852,"FOUR LANING OF SOLAN- KAITHLIGHAT SECTION OF NH-22 (NOW NH-5) FROM KM 106.139 TO KM 129.050, ON EPC M",,,2025-02,2025-06,5
N24000855,CONSTRUCTION OF 4.5 KM LONG SILKYARA TUNNEL BETWEEN KM 25.40 TO 50.25 KM (TUNNEL WORK),,,2025-02,2025-06,5
N24000857,WIDENING AND UP-GRADATION TO 2-LANE WITH PAVED SHOULDER CONFIGURATION AND GEOMETRIC IMPROVEMENTS FRO,,,2025-02,2025-06,5
N24000858,WIDENING AND UP-GRADATION TO 2-LANE WITH PAVED SHOULDER CONFIGURATION AND GEOMETRIC IMPROVEMENTS FRO,,,2025-02,2025-06,5
N24000859,WIDENING AND UP-GRADATION TO 2-LANE WITH PAVED SHOULDER CONFIGURATION AND GEOMETRIC IMPROVEMENTS FRO,,,2025-02,2025-03,2
N24000861,WIDENING AND UP-GRADATION TO 2-LANE WITH PAVED SHOULDER CONFIGURATION AND GEOMETRIC IMPROVEMENTS FRO,,,2025-02,2025-06,5
N24000862,WIDENING AND UP-GRADATION TO 2-LANE WITH PAVED SHOULDER CONFIGURATION AND GEOMETRIC IMPROVEMENTS FRO,,,2025-02,2025-06,5
N24000863,WIDENING AND UP-GRADATION TO 2-LANE WITH PAVED SHOULDER CONFIGURATION AND GEOMETRIC IMPROVEMENTS FRO,,,2025-02,2025-06,5
N24000864,WIDENING AND UP-GRADATION TO 2-LANE WITH PAVED SHOULDER CONFIGURATION AND GEOMETRIC IMPROVEMENTS FRO,,,2025-02,2025-06,5
N24000865,WIDENING AND UP-GRADATION TO 2-LANE WITH PAVED SHOULDER CONFIGURATION AND GEOMETRIC IMPROVEMENTS FRO,,,2025-02,2025-06,5
N24000868,UP-GRADATION TO 4-LANE WITH PAVED SHOULDER OF JAMMU- AKHNOOR ROAD SECTION OF NH-144A FROM GANESH VIHA,,,2025-02,2025-06,5
N24000874,CONSTRUCTION OF NEW ROAD AT THE MISSING LINK PORTION OF NH-81 ALONG THE APPROVED ALIGNMENT BETWEEN H,,,2025-02,2025-06,5
N24000880,UPGRADATION OF NH-81 WITH A MINIMUM OF 2-LANE WITH PAVED SHOULDER CONFIGURATION STARTING FROM KM 19.,,,2025-02,2025-06,5
N24000907,WIDENING AND PAVED SHOULDER OF TOHANA (IN HARYANA) PUNJAB/HARYANA BORDER TO MOONAK-JAKHAL- BUDHLADA,,,2025-02,2025-06,5
N24000909,JALANDHAR-HOSHIARPUR SECTION OF NH-70 [NEW NH NO. 3] FROM EXISTING KM 11.400 TO KM 49.200,,,2025-02,2025-06,5
N24000910,REHABILITATION AND UP GRADATION TO 2 LANE WITH PAVED SHOULDER OF NH-703A FROM MAKHU,,,2025-02,2025-06,5
N24000912,WIDENING TO 2LPS FROM 0/0 TO 119/0 OF NH-157 IN THE STATE OF ODISHA.,,,2025-02,2025-06,5
N24000914,WIDENING TO 2LPS FROM 239/9 TO 294/3 OF NH-57 (NAYAGARH TO KHURDA) IN THE STATE OF ODISHA,,,2025-02,2025-06,5
N24000917,WIDENING TO 2LPS FROM 269/30 TO 328/20 OF NH-49 IN THE STATE OF ODISHA,,,2025-02,2025-06,5
N24000925,CONSTRUCTION OF MISSING LINKS (SINGLE LANE) IN LAKHPAT GADULI HAJIPIR ODMA KHAVDA DHOLAVIRA MAUVANA,,,2025-02,2025-06,5
N24000931,REHABILITATION AND UPGRADATION OF EXISTING NH- 167 FROM KM 14.900 TO KM 70.00,,,2025-02,2025-06,5
N24000937,REHABILITATION AND UPGRADATION OF NEW NH- 544DD FROM DESIGN CHAINAGE KM 56.00 TO 102.20 OF KALYANDURG,,,2025-02,2025-06,5
N24000941,REHABILITATION AND UPGRADATION TO 2 LANE WITH PAVED SHOULDER OF MOGA (DESIGN CH 0.000) TO MAKHU,,,2025-02,2025-03,2
N24000943,CONSTRUCTION OF A NEW 4 LANE MAJOR BRIDGE ACROSS RIVER KOSI AT PHULAUT INCLUDING RHABILITATION AND,,,2025-02,2025-06,5
N24000946,CONSTRUCTION OF 2-LANE ROAD WITH PAVED SHOULDERS FROM KM16.00 OF ROING-HUNLI SECTION TO KM 21.500 OF,,,2025-02,2025-06,5
N24000948,CONSTRUCTION OF 2 LANING OF EXISTING HUNLI-ANINI ROAD ON EPC BASIS FROM DESIGN KM 53.500 TO KM 92.50,,,2025-02,2025-03,2
N24000964,CONSTRUCTION OF TIMMAPURAM TO GURJANAPALLE SECTION FROM KM 26.150 TO 41.161 OF NH- 214(NH216),,,2025-02,2025-06,5
N24000969,CONSTRUCTION OF 2L+PS FROM PASARLAPUDI-DHINDI (105/700 TO 127.500 OF NH-214) OF NH-216,,,2025-02,2025-06,5
N24000979,TWO-LANING OF HAYULIANG? HAWAI BYPASS ROAD ON EPC BASIS FROM DESIGN KM. 51.825 TO KM. 63.131 EXISTI,,,2025-02,2025-06,5
N24000980,WIDEINING TO TWO/FOUR LANE WITH PAVED SHOULDERS FROM EXISTING KM 182.120 TO KM 227.600 OF NH-167 ON,,,2025-02,2025-06,5
N24000981,WIDEINING TO TWO/FOUR LANE WITH PAVED SHOULDERS FROM EXISTING KM 180.60 TO KM 223.00 OF NH-63 ON NIZ,,,2025-02,2025-06,5
N24000982,WIDENING TO TWO LANE WITH PAVED SHOULDERS FROM KM 40/410 TO KM 84/037OF THIRUMALAGIRI TO SURYAPET SE,,,2025-02,2025-06,5
N24000983,WIDENING TO TWO LANE WITH PAVED SHOULDERS FROM KM 0/970 TO KM 40/410 OF JANAGAON-THIRUMALAGIRI OF NH,,,2025-02,2025-06,5
N24000984,WIDENING TO TWO LANE WITH PAVED SHOULDERS FROM KM 15.525 TO KM 62.880 OF JADCHERLA-KALWAKURTHY SECTI,,,2025-02,2025-06,5
N24000986,WIDENING TO TWO LANE WITH PAVED SHOULDERS FROM KM 67.00 TO 114.425 OF KALWAKURTHY-MALLEPALLY SECTION,,,2025-02,2025-06,5
N24000987,6 LANING FROM KM 9.90 TO KM 19.948 (ARAMGARH-SAMSHABAD SECTION) OF HYDERABAD- SAMSHABAD SECTION OF NH,,,2025-02,2025-06,5
N24000988,WIDENING AND STRENGTHENING OF EXISTING 2- LANE TO 2-LANE WITH PAVED SHOULDERS FROM KM.159/0 TO 165/4,,,2025-02,2025-06,5
N24000989,WIDENING AND STRENGTHENING OF EXISTING CARRIAGEWAY IN 2 LANE WITH PAVED SHOULDERS FROM KM.25/0 TO 59,,,2025-02,2025-06,5
N24000990,REHABILITATION AND UPGRADATION OF NH-167 FROM DESIGN KM.113.900 TO 154.479,,,2025-02,2025-06,5
N24000993,REHABILITATION AND UPGRADATION OF NH-167 FROM DESIGN KM.187.723 TO 234.434,,,2025-02,2025-06,5
N24000994,CONSTRUCTION OF SIX LANE ELEVATED CORRIDOR FROM KM.7.950 (UPPAL) TO KM.14.200 OF NH-163 TO DE-CONGES,,,2025-02,2025-06,5
N24000996,REHABILITATION AND UP- GRADATION TO TWO LANE WITH PAVED SHOULDERS FROM KM 0/0 TO 72/6 OF NH-365,,,2025-02,2025-06,5
N24000997,REHABILITATION AND UP GRADATION FROM KM. 121/0 TO 154/0 OF NAKAREKAL ? MALLAMPALLY SECTION OF NH- 365,,,2025-02,2025-06,5
N24000998,WIDENING AND STRENGTHENING/ RECONSTRUCTION OF EXISTING PAVEMENT TO FOUR ALNE WITH PAVED SHOULDERS FR,,,2025-02,2025-06,5
N24001002,SARSAM TO KOTHARI,,,2025-02,2025-06,5
N24001003,AKOLA TO AKOT,,,2025-02,2025-05,4
N24001008,AJANTHA TO BULDHANA,,,2025-02,2025-05,4
N24001013,DIGRAS DARWAH KARANJA,,,2025-02,2025-06,5
N24001017,DAHEGAON TO KUHI,,,2025-02,2025-06,5
N24001018,BHANDARA TO GHOTITOK,,,2025-02,2025-05,4
N24001021,AMDI TO SAONER,,,2025-02,2025-05,4
N24001022,WADI TO ASOLA,,,2025-02,2025-06,5
N24001027,SHAHPUR PATGAON SECTION I,,,2025-02,2025-03,2
N24001039,JINTUR TO PARBHANI,,,2025-02,2025-03,2
N24001046,RALEGAON TO RAMTIRTH,,,2025-02,2025-05,4
N24001050,VITA TO NAGAJ,,,2025-02,2025-06,5
N24001057,KARAD PATAN CHIPLUN GUHAGAR,,,2025-02,2025-06,5
N24001058,KARWANDI TO RAJURI,,,2025-02,2025-06,5
N24001060,PALPHATA TO PHULAMBARI,,,2025-02,2025-06,5
N24001069,NANDED TO JALKOT,,,2025-02,2025-06,5
N24001078,PUNE TO MALE VILLAGE,,,2025-02,2025-05,4
N24001079,ARDHAPUR TO HIMAYATNAGAR,,,2025-02,2025-05,4
N24001080,MALE VILLAGE TO PUNE RAIGARH DISTRICT BORDER,,,2025-02,2025-05,4
N24001081,HIMAYATNAGAR TO PHULSAWANGI,,,2025-02,2025-03,2
N24001082,PUNE RAIGARH DISTRICT BORDER TO MANGAON,,,2025-02,2025-06,5
N24001090,KOLDE TO KHETIYA,,,2025-02,2025-05,4
N24001092,SATARA TO MHASWAD,,,2025-02,2025-06,5
N24001095,SATARA MURVAD PILLOV PANDHARPUR,,,2025-02,2025-03,2
N24001097,SELDOH TO PANVAR,,,2025-02,2025-03,2
N24001099,MHASWAD TO TEMBHURNI,,,2025-02,2025-06,5
N24001101,KURUDWADI TO PANDHARPUR,,,2025-02,2025-05,4
N24001102,PANDHARPUR TO SANGOLA,,,2025-02,2025-05,4
N24001106,PEN TO KHOPOLI,,,2025-02,2025-06,5
N24001107,PANCHARAL TO MANDANGHAR,,,2025-02,2025-06,5
N24001111,KOLHA TO NASRATPUR,,,2025-02,2025-03,2
N24001112,NASRATPUR TO BARASGAON,,,2025-02,2025-06,5
N24001114,INDAPUR TO VADPALE,,,2025-02,2025-06,5
N24001122,PAITHAN TO SHIRUR,,,2025-02,2025-06,5
N24001123,SHIRUR TO KHARDA,,,2025-02,2025-06,5
N24001124,AURANGABAD TO SILLOD,,,2025-02,2025-06,5
N24001125,SILLOD TO FARDAPUR,,,2025-02,2025-06,5
N24001127,KUMBHARI PHTA TO DEULGAON RAJA,,,2025-02,2025-03,2
N24001130,RECONSTRUCTION WITH GEOMETRIC IMPROVMENT OF EXISTING INTERMEDIATE LANE TO 2 LANE WITH PAVED SHOULDER,,,2025-02,2025-06,5
N24001132,BHOGAN KHURD TO KASHEDI,,,2025-02,2025-06,5
N24001134,KANTE TO WAKED,,,2025-02,2025-06,5
N24001138,PARLI PIMPLA DAHIGUDA,,,2025-02,2025-05,4
N24001156,WIDENING TO TWO LANE WITH PAVED SHOULDER FROM KM 544.200 TO KM 594.000 OF NH- 150A HOSMANE CROSS ? PA,,,2025-02,2025-06,5
N24001157,IMPROVEMENTS AND RECONSTRUCTION TO TWO LANE WITH PAVED SHOULDERS FROM KM 243.20 TO KM 290.20 OF NH,,,2025-02,2025-06,5
N24001158,RECONSTRUCTION TO TWO LANE WITH PAVED SHOULDERS FROM DS. CH. 442+180 (EX. KM 448.00) TO DS. CH.485+2,,,2025-02,2025-06,5
N24001159,WIDENING TO TWO LANE WITH PAVED SHOULDERS FROM KM 20.150 TO KM 40.00 OF BC ROAD KOTTIGEHARA SECTION,,,2025-02,2025-06,5
N24001160,WIDENING TO TWO LANE WITH PAVED SHOULDER FROM KM 194.900 TO KM 243.200 OF NH- 234 BANAVARA-HULIYAR,,,2025-02,2025-06,5
N24001161,WIDENING TO TWO LANE WITH PAVED SHOULDERS FROM 24.600 TO 70.063 OF MUDIGERE TO KADUR SECTION OF NH-,,,2025-02,2025-06,5
N24001162,IMPROVEMENT AND RECONSTRUCTION TO TWO LANE WITH PAVED SHOULDERS FROM KM 489.845 (NEW KM.58.125) AN,,,2025-02,2025-06,5
N24001164,WIDENING TO 2 LANE WITH PAVED SHOULDERS FROM KM 0 TO 54 OF NH-50 UNDER EPC MODE IN THE STATE OF KARN,,,2025-02,2025-06,5
N24001165,WIDENING TO 2 LANE WITH PAVED SHOULDERS FROM KM 34.00 TO 70.900 OF NH-150 UNDER EPC MODE IN THE STAT,,,2025-02,2025-06,5
N24001166,WIDENING TWO LANE WITH PAVED SHOULDERS FROM FROM KM.56.00 TO 106.00 OF NH- 218 (218-KNT-2014-15-775),,,2025-02,2025-06,5
N24001168,ESTIMATE FOR WIDENING TWO LANE TO FOUR LANE FROM FROM KM.129.00 TO 144.00 OF NH-63 ANKOLA-GOOTY SECT,,,2025-02,2025-06,5
N24001172,WIDENING TO TWO LANE WITH PAVED SHOULDER FROM KM 4.40 TO KM 56.00 OF NH-218 BIJAPURA-HUBLI SECTION U,,,2025-02,2025-06,5
N24001173,CONSTRUCTION OF MAJOR BRIDGE AT KM 180.865 ACROSS RIVER KRISHNA ON NH-167 HAGARI ? JADERCELA SECTION,,,2025-02,2025-06,5
N24001179,CONSTRUCTION OF 2 LANE WITH PAVED SHOULDER FROM KM. 168 TO 183.783 (YESEMYONG TO UNGER) ON MOKOKCHUN,,,2025-02,2025-04,3
N24001180,WIDENING OF EXISTING SINGLE/INTERMEDIATE LANE ROAD TO 2 LANE ROAD FROM KM. 83.00 TO KM 101.00 ON NH-,,,2025-02,2025-04,3
N24001201,CONSTRUCTION OF A NEW 4 LANE BRIDGE PARALLEL TO EXISTING MG SETU WITH ITS APPROACHES FROM KM 0.00,,,2025-02,2025-06,5
N24001216,WIDENING TO 2 LANE WITH PAVED SHOULDERS AND GEOMETRIC IMPROVEMENT OF NH-114A FROM KM 141 TO KM 184 I,,,2025-02,2025-06,5
N24001217,REHABILITATION AND UPGRADATION OF NH 43 KANKER TO BEDMA SECTION KM. 130 TO 180,,,2025-02,2025-06,5
N24001221,REHABILITATION AND UPGRADATION OF NH 78 FROM KM 373.505 TO 469.300 AMBIKAPUR TO PATHALGAON SECTION,,,2025-02,2025-06,5
N24001222,REHABILITATION AND UPGRADATION OF NH 78 FROM KM 469.000 TO 531.000 PATTHALGAON TO KUNKURI,,,2025-02,2025-06,5
N24001227,CONSTRUCTION OF 4 NOS GRADE SEPARATOR BETWEEN KM. 281.000 TO KM 307.600 KM. 286.400 KUMHARI KM. 299.,,,2025-02,2025-06,5
N24001228,UPGRADATION AND WIDENING OF BILASPUR TO MUNGELI SECTION NH-130A,,,2025-02,2025-06,5
N24001244,CONSTRUCTION OF 2-LANING WITH HARD SHOULDERS OF ARROWA-KHUPA-HAYULIANG SECTION OF NH-113 FROM CH.68.,,,2025-02,2025-06,5
N24001246,4-LANING OF HAPACHARA - TULUNGIA SECTION,,,2025-02,2025-06,5
N24001251,CONSTUCTION/UPGRADATION OF EXISTING HIGHWAY TO 2 LANE WITH PAVED SHOULDER FROM KM 0.00 TO KM 13.00 N,,,2025-02,2025-06,5
N24001252,CONSTUCTION/UPGRADATION OF EXISTING HIGHWAY TO 2 LANE WITH PAVED SHOULDER FROM KM 13.00 TO KM 25.600,,,2025-02,2025-06,5
N24001254,CONSTUCTION/UPGRADATION OF EXISTING HIGHWAY TO 2 LANE WITH PAVED SHOULDER FROM KM 26.10 TO KM 40.00,,,2025-02,2025-05,4
N24001255,CONSTRUCTION OF 2-LANE WITH PAVED SHOULDER OF KOHIMA-BYPASS ROAD FROM DESIGN KM10.500 TO 21.00KM [D,,,2025-02,2025-06,5
N24001256,CONSTRUCTION OF (I) CONNECTING ROAD FROM Z- MORH TUNNEL TO ZOJILA TUNNEL AND (II) 14.150 KM LONG BI-D,,,2025-02,2025-06,5
N24001257,CONSTRUCTION OF 2-LANE WITH PAVED SHOULDER OF KOHIMA-BYPASS ROAD FROM DESIGN KM21.0 TO KM32.0 [DESIG,,,2025-02,2025-06,5
N24001258,CONSTRUCTION OF 2-LANE WITH PAVED SHOULDER OF KOHIMA-BYPASS ROAD FROM DSIGN KM32.0 TO KM43.454 [DES,,,2025-02,2025-06,5
N24001259,UPGRADATION OF EXISTING ROAD TO 2-LANE WITH PAVED SHOULDER FROM KOHIMA TO MAO FROM KM 185.540 TO KM,,,2025-02,2025-04,3
N24001261,CONSTRUCTION AND UPGRADATION OFEXISTINGROAD TO 2-LANE WITH PAVED SHOULDER INCLUDING GEOMETRIC IMPROV,,,2025-02,2025-06,5
N24001262,CONSTRUCTION AND UPGRADATION OFEXISTINGROAD TO 2-LANE WITH PAVED SHOULDER INCLUDING GEOMETRIC IMPROV,,,2025-02,2025-06,5
N24001263,REHABILITATION AND UPGRADATION OF ROAD FROM KM 0.00 TO KM 18.600 OF KUMARGHAT-KAILASHAHAR SECTION,,,2025-02,2025-06,5
N24001264,UP-GRADATION TO 2-LANE WITH PAVED SHOULDER FROM KM 12.850 TO KM20.300 OF 7.450KM LENGTH ON GOHA-KHEL,,,2025-02,2025-06,5
N24001266,UP-GRADATION TO 2-LANE WITH PAVED SHOULDER FROM KM 20.300 TO KM 29.030 OF 8.730 KM LENGTH ON GOHA-K,,,2025-02,2025-06,5
N24001269,2-LANING OF CHURACHANDPUR TUIVAI SECTION OF NH-102B (PKG- IB),,,2025-02,2025-06,5
N24001270,2-LANING OF CHURACHANDPUR TUIVAI SECTION OF NH-102B (PKG- 2A),,,2025-02,2025-06,5
N24001271,2-LANING OF CHURACHANDPUR TUIVAI SECTION OF NH-102B (PKG- 2B),,,2025-02,2025-06,5
N24001272,2-LANING OF CHURACHANDPUR TUIVAI SECTION OF NH-102B (PKG- 4A),,,2025-02,2025-05,4
N24001273,2-LANING OF CHURACHANDPUR TUIVAI SECTION OF NH-102B (PKG- 4B),,,2025-02,2025-05,4
N24001274,IMPROVEMENT/UPGRADATION OF EXISTING 2-LANE TO 4-LANE DIVIDED HIGHWAY FROM TAPHOU KUKI TO DAILI SECTI,,,2025-02,2025-06,5
N24001277,CONSTRUCTION OF CHHIATHLANG -SERCHHIP BYPASS (PKG-1) ON AIZAWL- TUIPANG SECTION OF NH-54,,,2025-02,2025-03,2
N24001278,CONSTRUCTION OF TWO LANE WITH PAVED SHOULDER OF SELLING-DULTE SECTION OF NH- 06 (PKG-I),,,2025-02,2025-06,5
N24001281,CONSTRUCTION OF TWO LANE WITH PAVED SHOULDER OF SELLING-DULTE SECTION OF NH- 06 (PKG-III),,,2025-02,2025-06,5
N24001282,2 LANING OF KOHIMA - JESSAMI SECTION (PACKAGE II),,,2025-02,2025-06,5
N24001286,2-LANING OF CHANGTONGYA TO LONGLENG ROAD OF NH-702 (PKG-I),,,2025-02,2025-05,4
N24001287,2 LANING OF KOHIMA - JESSAMI SECTION (PACKAGE V),,,2025-02,2025-06,5
N24001288,CONSTRUCTION OF 2-LANE WITH PAVED SHOULDER OF KOHIMA-BYPASS ROAD FROM DESIGN KM 0.00 TO KM 10.500 [D,,,2025-02,2025-06,5
N24001291,CONSTRUCTION OF 2 LANE ROAD OF POTIN TO PANGIN SECTION OF NH 13 FROM KM 77.95 TO KM 117.56,,,2025-02,2025-02,1
N24001292,CONSTRUCTION OF 2 LANE ROAD OF POTIN TO PANGIN SECTION OF NH 13 FROM KM 117.56 TO KM 163.59,,,2025-02,2025-02,1
N24001293,CONSTRUCTION OF 2 LANE ROAD OF POTIN TO PANGIN SECTION OF NH 13 FROM KM 206.66 TO KM 247.05,,,2025-02,2025-02,1
N24001297,CONSTRUCTION OF 2 LANE ROAD OF POTIN TO PANGIN SECTION OF NH 13 FROM KM 163.59 TO KM 206.66,,,2025-02,2025-06,5
N24001301,6-LANING OF VIJAYAWADA BYPASS FROM GOLLAPUDI (DESIGN CH. 30+000) TO CHINNAKAKANI (DESIGN CH. 47+881),,,2025-02,2025-06,5
N24001303,BALANCE WORK OF 4- LANING OF PATNA-GAYA-DOBHI SECTION (KM. 0.00 TO KM. 127.217) OF NH-83 IN THE STAT,,,2025-02,2025-06,5
N24001304,BALANCE WORK OF 4- LANING OF PATNA-GAYA-DOBHI SECTION (KM. 39.00 TO KM. 83.00) OF NH-83 IN THE STATE,,,2025-02,2025-06,5
N24001305,BALANCE WORK OF 4- L ANING OF PATNA-GAYA-DOBHI SECTION (KM.83.00 TO KM. 127.217) OF NH-83 IN THE STA,,,2025-02,2025-06,5
N24001306,TWO / FOUR LANING OF RAEBARELI - JAGDISHPUR SECTION OF NH-330A FROM KM. 0.000 TO KM. 47.800,,,2025-02,2025-06,5
N24001309,KAILASHAHAR TO KHOWAI PKG-4,,,2025-02,2025-06,5
N24001313,IMPROVEMENT/WIDENING TO 2-L WITH PAVED SHOULDER FROM (DESIGN KM 0.00 TO KM 10.670) / 4-LANING FROM,,,2025-02,2025-06,5
N24001314,IMPROVEMENT/WIDENING TO 2- LANE WITH PAVED SHOULDER FROM (DESIGN KM 10.670 TO KM 37.550) BETWEEN SHIL,,,2025-02,2025-06,5
N24001317,2-LANING FROM JOLAIBARI - BELONIA,,,2025-02,2025-06,5
N24001322,CONSTRUCTION OF 2-LANE ROAD WITH PAVED SHOULDER (GREENFIELD ALIGNMENT) OF EXISTING STRETCH BETWEEN L,,,2025-02,2025-06,5
N24001323,KHELLANI-KHANABAL PKG-1,,,2025-02,2025-06,5
N24001325,CONSTRUCTION OF 2-LANE SPECIFICATION ROAD WITH PAVED SHOULDER AS REALIGNMENT (GREENFIELD ALIGNMENT),,,2025-02,2025-06,5
N24001326,4-L DHUBRI PHULBARI BRIDGE WITH APPROACH ROAD,,,2025-02,2025-06,5
N24001327,REHABILITATION AND UPGRADATION OF EXISTING ROAD TO 2-LANE WITH PAVED SHOULDER INCLUDING GEOMETRIC IM,,,2025-02,2025-06,5
N24001331,2-LANING FROM YAINGANGPOKPI TO FINCH CORNER (PKG-I),,,2025-02,2025-06,5
N24001332,2-LANING FROM YAINGANGPOKPI TO FINCH CORNER (PKG-II),,,2025-02,2025-06,5
N24001334,IMPROVEMENT/WIDENING TO 2- LANE WITH PAVED SHOULDER FROM (DESIGN KM 45.760 TO KM 63.530) BETWEEN SHIL,,,2025-02,2025-06,5
N24001335,IMPROVEMENT/WIDENING TO 2- LANE WITH PAVED SHOULDER / 4-LANING FROM (DESIGN KM 63.530 TO KM 71.520) B,,,2025-02,2025-06,5
N24001336,CONSTRUCTION AND UPGRADATION OF EXISTING ROAD TO 2-LANE WITH PAVED SHOULDER FROM KM27.200,,,2025-02,2025-06,5
N24001337,CONSTRUCTION AND UPGRADATION OF EXISTING ROAD TO 2-LANE WITH PAVED SHOULDER FROM NEW ROLEP BRIDGE AT,,,2025-02,2025-06,5
N24001338,CONSTRUCTION OF 2-LANE WITH PAVED SHOULDER OF NEW GREEN FIELD ALIGNMENT FROM CHOCHENPHERI AT KM 52.0,,,2025-02,2025-06,5
N24001339,RANIKOR-MAHESHKHOLA- BAGHMARA (RMB) PKG-4 (KANAI- RONGARA),,,2025-02,2025-05,4
N24001341,KHELLANI-KHANABAL PKG-3,,,2025-02,2025-06,5
N24001342,DONIPAWA TO ASHAJIPORA BYPASS PKG-7,,,2025-02,2025-02,1
N24001343,KARGIL-ZANSKR PACKAGE-1,,,2025-02,2025-06,5
N24001344,KARGIL-ZANSKR PACKAGE-2,,,2025-02,2025-06,5
N24001345,KARGIL-ZANSKR PACKAGE-3,,,2025-02,2025-06,5
N24001348,KARGIL-ZANSKR PACKAGE-8,,,2025-02,2025-06,5
N24001349,MARIAM - PEREN PKG-1A,,,2025-02,2025-06,5
N24001350,MARIAM - PEREN (PKG 1B),,,2025-02,2025-06,5
N24001353,IMPHAL - KHONGSANG PKG-2,,,2025-02,2025-04,3
N24001354,TAMENGLONG - MAHUR PKG-3,,,2025-02,2025-06,5
N24001355,DULTE- KWALKULH - CHAMPAI PKG.1,,,2025-02,2025-02,1
N24001356,DULTE- KWALKULH - CHAMPAI PKG.2,,,2025-02,2025-06,5
N24001358,TLABUNG - LUNGLEI PKG-A,,,2025-02,2025-06,5
N24001359,TLABUNG - LUNGLEI PKG-B,,,2025-02,2025-06,5
N24001360,RANIKOR-MAHESHKHOLA- BAGHMARA (RMB) PKG-3,,,2025-02,2025-04,3
N24001361,RISHI BORDER- ROLEP- MENLA PKG- 2A,,,2025-02,2025-04,3
N24001362,RISHI BORDER- ROLEP- MENLA PKG- 3B,,,2025-02,2025-06,5
N24001363,MANU-SIMLUNG ( PKG 4),,,2025-02,2025-06,5
N24001366,DABOKA KATHKATI PACKAGE-5,,,2025-02,2025-06,5
N24001368,TULUNGIA-JOGIGHOPA-PAIKAN ROAD PKG-7,,,2025-02,2025-06,5
N24001369,WIDENING TO 2 LANES WITH PAVED SHOULDERS FROM KM.87/000 TO 133/720,,,2025-02,2025-06,5
N24001370,WIDENING TO 2-LANE WITH PAVED SHOULDERS FROM KM 119/017 TO KM 161/300 ON NH 85 (OLD NH 49),,,2025-02,2025-06,5
N24001371,CONSTRUCTION OF 2 LANE BRIDGE ACROSS RIVER KOSI WITH APPROACH ROAD FROM BHEJA TO BAKAUR SECTION OF N,,,2025-02,2025-06,5
N24001372,BALANCE WORK 2-LANING OF LALPUL MANMAO CHANGLANG ROAD (NH-215) ON EPC MODE IN THE STATE OF ARUNACH,,,2025-02,2025-02,1
N24001374,4-LANING OF ITANAGAR TO BANDARDEWA SECTION OF NH- 415 FROM KM 51+700 TO KM 59+199 (PACKAGE-C) ON EPC,,,2025-02,2025-02,1
N24001375,4 LANING OF ITANAGAR TO BANDARDEWA SECTION OF NH- 415 FROM KM 40+430 TO KM 51+735 (PACKAGE B) ON EPC,,,2025-02,2025-06,5
N24001381,REHABILITATION AND UPGRADATION TO 2-LANE/2- LANE WITH PAVED SHOULDERS/4-LANE CONFIGURATION OF PAONTA,,,2025-02,2025-06,5
N24001382,REHABILITATION AND UPGRADATION TO 2-LANE CONFIGURATION OF HEWNA- ASHYARI SECTION,,,2025-02,2025-06,5
N24001383,REHABILITATION AND UPGRADATION TO INTERMEDIATE LANE CONFIGURATION OF SHRI KYARI- GUMMA SECTION,,,2025-02,2025-06,5
N24001386,REHABILITATION AND UPGRADATION TO 2-LANE WITH PAVED SHOULDERS CONFIGURATION OF PADERU- GONDIGUDA SECT,,,2025-02,2025-06,5
N24001387,WIDENING TO 2-LANE WIH PAVED SHOULDER FROM KM. 544.20 TO 594.00 (HOSAMANE CROSS TO PANDAVAPURA) SECT,,,2025-02,2025-06,5
N24001388,CONSTRUCTION OF MAJOR BRIDGE ACROSS SHARAVATHI BACKWATERS AND APPROCHES BETWEEN AMBARGODU AND KALASA,,,2025-02,2025-06,5
N24001389,CHANGTONGYA TO LONGLENG ROAD PKG-2,,,2025-02,2025-04,3
N24001390,JORAM ? KOLORIANG ROAD FROM EXISTING KM 50.050 TO KM 70.00 (PKG-3),,,2025-02,2025-06,5
N24001391,JORAM ? KOLORIANG ROAD FROM EXISTING KM 70.00 TO KM 88.700 (PKG-4),,,2025-02,2025-04,3
N24001393,JORAM ? KOLORIANG ROAD FROM EXISTING KM122.600 TO KM138.00 (PKG-7),,,2025-02,2025-06,5
N24001394,KHELLANI-KHANABAL PKG-2,,,2025-02,2025-06,5
N24001395,KHELLANI-KHANABAL PKG-4,,,2025-02,2025-06,5
N24001396,KHELLANI-KHANABAL PKG-5,,,2025-02,2025-06,5
N24001397,GOHA-KHELLANI PKG-3,,,2025-02,2025-06,5
N24001400,SENAPATI- IMPHAL PKG-5B,,,2025-02,2025-06,5
N24001401,IMPHAL - KHONGSANG PKG-3,,,2025-02,2025-06,5
N24001402,TAMENGLONG - MAHUR PKG-1,,,2025-02,2025-06,5
N24001403,TAMENGLONG - MAHUR PKG-2,,,2025-02,2025-06,5
N24001404,TAMENGLONG - MAHUR PKG-4,,,2025-02,2025-06,5
N24001405,CHURACHANPUR TUIVAI PKG-3,,,2025-02,2025-06,5
N24001406,PEREN-DIMAPUR SECTION PKG- 2,,,2025-02,2025-06,5
N24001408,CONSTRUCTION OF 2-LANE MAJOR BRIDGE INCLUDING APPROACHESOVER BRAHMAPUTRA BETWEEN MAJULI ON NORTH BAN,,,2025-02,2025-06,5
N24001411,4L+PS OF NH -58 FROM BEAWAR- GOMTI (OLD CH KM 58.245 TO KM. 108.600) PKG-I.,,,2025-02,2025-06,5
N24001415,DELHI-AMRITSAR-KATRA EXPRESSWAY FROM JUNCTION WITH PATIALA-BATHINDA ROAD (NH-7) NEAR BHAWANIGARH TO,,,2025-02,2025-06,5
N24001416,DELHI-AMRITSAR-KATRA EXPRESSWAY FROM JUNCTION WITH LUDHIANA-MALERKOTLA ROAD (SH-11) NEAR BHOGIWAL VI,,,2025-02,2025-06,5
N24001417,DELHI-AMRITSAR-KATRA EXPRESSWAY FROM JUNCTION WITH LUDHIANA-MOGA ROAD (NH-5) NEAR MULLANPUR DAKHA TO,,,2025-02,2025-06,5
N24001418,DELHI-AMRITSAR-KATRA EXPRESSWAY FROM CH.KM 303+900 TO KM 319+400 OF MAIN EXPRESSWAY) AND AMRITSAR CO,,,2025-02,2025-06,5
N24001419,DELHI-AMRITSAR-KATRA EXPRESSWAY (PHASE-I PKG-XI) FROM JUNCTION WITH JALANDHAR - KAPURTHALA ROAD,,,2025-02,2025-06,5
N24001420,DELHI-AMRITSAR-KATRA EXPRESSWAY (PHASE-I PKG-XII) FROM JUNCTION WITH AMRITSAR-MEHTA- SRIHARGOBINDPUR-,,,2025-02,2025-06,5
N24001421,CONSTRUCTION OF 6 LANE BRIDGE ON GANGA ON NH-96 AND ITS APPROACHES IN PHAPHAMAU ALLAHABAD ON EPC MOD,,,2025-02,2025-06,5
N24001422,REHABILITATION AND UPGRADATION TO 2-LANE CONFIGURATION OF ASHYARI- SHRI KYARI SECTION,,,2025-02,2025-06,5
N24001424,CONSTRUCTION OF FOUR-LANE ELEVATED VIADUCT FROM KM.4+634 TO KM.6+345 ON NH- 24A INCLUDING RETAINING W,,,2025-02,2025-06,5
N24001425,4L OF ADDAHOLE TO BANTWAL CROSS SECTION INCLUDING FLYOVER AT KALLADKA TOWN,,,2025-02,2025-06,5
N24001426,4L OF ADDAHOLE TO BANTWAL CROSS SECTION,,,2025-02,2025-06,5
N24001427,CONSTRUCTION OF ROB WITH APPROACHES IN LIEU OF L C NO 165 OF AHMEDABAD PALANPUR BETWEEN RAILWAY STAT,,,2025-02,2025-06,5
N24001428,FOUR LANING OF VILUPPURAM TO PUDHUCHERRY (DESIGN CH. KM. 00/000 TO KM. 29/000) SECTION OF NH-45A ON,,,2025-02,2025-04,3
N24001429,FOUR LANING OF PUDUCHERRY (KM.29/000) TO POONDIYANKUPPAM (KM.67/000) SECTION OF NH-45A ON HAM UNDER,,,2025-02,2025-06,5
N24001430,FOUR LANING OF POONDIYANKUPPAM (KM.67/000) TO SATTANATHAPOURAM (KM.123/800) SECTION OF NH-45A ON HAM,,,2025-02,2025-04,3
N24001431,FOUR LANING OF SATTANATHAPURAM (KM.123/800) TO NAGAPATTINAM (KM.179/555) SECTION OF NH-45A ON HAM UN,,,2025-02,2025-06,5
N24001434,JOGIGHOPA BRIDGE,,,2025-02,2025-06,5
N24001436,TAMENGLONG - MAHUR PKG-5,,,2025-02,2025-06,5
N24001437,TAMENGLONG - MAHUR PKG-6,,,2025-02,2025-06,5
N24001438,MERANGKONG-TAMLU-MON (MTM) PKG-5,,,2025-02,2025-06,5
N24001439,MARAM - PEREN PKG-3,,,2025-02,2025-06,5
N24001440,KEIFANG - TUVAI PKG-1,,,2025-02,2025-05,4
N24001441,REHABILITATION AND UPGRADATION OF NONGSTOIN TO WAHKAJI SECTION OF PROJECT ROAD KM 0.000 TO KM 43.06,,,2025-02,2025-06,5
N24001442,CONSTRUCTION OF 2-LANE WITH PAVED SHOULDER GANGTOK BYPASS ROAD FROM RANIPOOL TO BURTUK (L=23.316KM),,,2025-02,2025-06,5
N24001443,CONSTRUCTION OF FOUR LANE EXPRESSWAY FROM START OF SARDAR PATEL RING ROAD TO SINDHREJ VILLAGE,,,2025-02,2025-06,5
N24001444,CONSTRUCTION OF FOUR LANE EXPRESSWAY FROM START OF SINDHREJ VILLAGE (CH. 22.00 TO CH. 48.52) SECTION,,,2025-02,2025-06,5
N24001445,CONSTRUCTION OF FOUR LANE EXPRESSWAY FROM START OF VEJALLKA VILLAGE TO START OF DSIR ZONE OF AHMEDAB,,,2025-02,2025-06,5
N24001446,CONSTRUCTION OF FOUR LANE EXPRESSWAY FROM START OF DSIR ZONE OF AHMEDABAD DISTRICT TO ADHELAI VILLAG,,,2025-02,2025-06,5
N24001447,REHABILITATION AND UPGRADATION TO 2-LANE CONFIGURATION OF HAMIRPUR- KARNOHAL SECTION,,,2025-02,2025-06,5
N24001448,UPGRADATION OF ADHALGAON- JAMKHED SECTION OF NH-548 D FROM KM 132/600 TO KM 195/375 TO TWO LANE WITH,,,2025-02,2025-06,5
N24001450,DABOKA KATHKATI PACKAGE-6,,,2025-02,2025-06,5
N24001451,DIBRUGARH-LAHOAL-CHABUA BYPASS PACKAGE-1,,,2025-02,2025-03,2
N24001453,IMPHAL - KHONGSANG PKG-4,,,2025-02,2025-06,5
N24001455,CONSTRUCTION OF 4 LANE WITH PAVED SHOULDERS THIRUVAYARU BYPASS IN BETWEEN EXISTING KM.55/926 TO 62/6,,,2025-02,2025-06,5
N24001456,REHABILITATION AND UPGRADATION TO 2 LANE WITH PS OF RADHAITA TO PILIBHIT SECTION OF 46.130 KM,,,2025-02,2025-06,5
N24001457,REHABILITATION AND UPGRADATION TO 2 LANE WITH PS OF MIRANPUR KATRA TO RADHAITA SECTION OF NH-730C F,,,2025-02,2025-06,5
N24001461,2-LANE WITH PS OF BEWAR TO NEAR KARRI VILLAGE SECTION OF NH-92 FROM KM.0.00 TO 30.00 UNDER GNHCP,,,2025-02,2025-06,5
N24001462,2-LANE WITH PS OF NEAR KARRI VILLAGE TO ETAWAH SECTION OF NH-92 FROM KM.30.000 TO 57.346 UNDER GNHCP,,,2025-02,2025-06,5
N24001464,PROJECTS- REHABILITATION AND UPGRADATION OF NH-731A FROM KM 0.00 TO KM.35.00,,,2025-02,2025-06,5
N24001465,WIDENING OF EXISTING SINGLE LANE / INTERMEDIATE LANE ROAD TO 2 LANE FROM KM 101 TO KM 125 OF NH 61 I,,,2025-02,2025-06,5
N24001466,WIDENING TO EXISTING SINGLE LANE /INTERMEDIATE LANE TO 2 LANE FROM KM185.00 TO KM 220.00 OF NH-61,,,2025-02,2025-06,5
N24001467,WIDENING TO EXISTING SINGRE/INTERMEDIATE RANE TO 2 LANE FROM KM 135 TO KM 147 AND FROM KM 156.00 TO,,,2025-02,2025-06,5
N24001468,REPANPALLI TO SIRONCHA,,,2025-02,2025-06,5
N24001469,IMPROVEMENT AND UPGRADATION TO TWO LANE WITH PAVED SHOULDER CONFIGURATION FROM EXISTING KM 55.00 TO,,,2025-02,2025-06,5
N24001470,REHABILITATION AND UPGRADATION TO 2-LANE CONFIGURATION OF KALWAHAN- MANDI SECTION,,,2025-02,2025-06,5
N24001471,R/U TO 2-LANE WITH PS OF BEWAR TO ALLAHGANJ SECTION OF NH-730C FROM KM.0.00 TO 52.770 UNDER GNHCP,,,2025-02,2025-06,5
N24001472,BALANCE WORKS OF FOUR LANING FROM RAMBAN KM 151.00 TO BANIHAL KM 187.00 OF NH-1A (NOW NH-44) WITH VA,,,2025-02,2025-06,5
N24001473,CONSTRUCTION OF 2-LANING WITH HARD SHOULDER ROAD OF UKHRUL - TOLOI - TADUBI SECTION OF NH-102A FROM,,,2025-02,2025-06,5
N24001474,REHABITITATION AND UP GRADATION OF NONGSTOIN- RAMBRAI-KYRSHAI ROAD UP TO MEGHALAYA-ASSAM BORDER FROM,,,2025-02,2025-06,5
N24001475,CONSTRUCTION OF 2 LANE WITH HARD SHOULDER FROM DESIGN CHAINAGE KM 283.000 TO KM 325.440,,,2025-02,2025-04,3
N24001476,CONSTRUCTION OF 4 LANE ACCESS CONTROLLED NEW GREENFIELD HIGHWAY SECTION OF NH 365BG FROM RECHARLA VI,,,2025-02,2025-06,5
N24001477,CONSTRUCTION OF 4 LANE ACCESS CONTROLLED NEW GREENFIELD HIGHWAY SECTION OF NH-365BG,,,2025-02,2025-06,5
N24001479,WIDENING AND UPGRADATION TO FOUR LANE CONFIGURATION FROM KM.34.900 (BHADOHI) TO KM.73.134 (JAUNPUR),,,2025-02,2025-06,5
N24001480,WIDENING AND STRENGTHENING FROM KM 0.00 TO KM 15.089 OF NH-334A (PURKAJI-LAKSAR-HARIDWAR ROAD) TO TW,,,2025-02,2025-06,5
N24001482,KHAMMAM-DEVARAPALLE PKG I [4L ACCESS CONTROLLED (GREENFIELD) FROM THALLAMPADU VILLAGE TO SOMAVARAM,,,2025-02,2025-06,5
N24001483,KHAMMAM DEVARAPALLE PKG II 4L ACCESS CONTROLLED (GREENFIELD) FROM SOMAVARAM VILLAGE TO CHINTAGUDEM V,,,2025-02,2025-06,5
N24001484,KHAMMAM-DEVARAPALLE PKG III [4L ACCESS CONTROLLED (GREENFIELD) FROM CHINTAGUDEM VILLAGE TO RECHERLA,,,2025-02,2025-06,5
N24001486,TUNNEL AT KHAMBATAKI GHAT SECTION AND ITS APPROACHES FROM EXISTING KM. 771.730 TO EXISTING KM. 782.0,,,2025-02,2025-06,5
N24001488,DHARAMPURI-LONAND FROM KM. 117.00 TO 166.40 (PKG-IV) ON MOHOL-ALANDI SECTION,,,2025-02,2025-06,5
N24001493,6L OF KAGAL-SATARA SECTION FROM KM 658.000 TO KM 725.000 OF NH-48 (PKG-II),,,2025-02,2025-06,5
N24001495,4L OF RATNAGIRI - KOLHAPUR SECTION OF NH-166 FROM KM 0.000 TO KM 19.769 AND KM 31.000 TO KM 67.140,,,2025-02,2025-06,5
N24001502,4L OF BARAMATI TO INDAPUR (PKG-II) FROM KM. 41.400 TO KM. 84.550 OF NH-965G (SAINT TUKARAM MARG),,,2025-02,2025-06,5
N24001503,4L OF INDAPUR TO TONDLE (PKG-III) FROM KM.84.550 TO KM. 131.00 OF NH-965G (SAINT TUKARAM MARG),,,2025-02,2025-06,5
N24001504,VADODARA MUMBAI EXPRESSWAY (PHASE II - PKG XI) [KM. 77.000 TO KM. 103.400] (GANJAD - TALSARI),,,2025-02,2025-06,5
N24001505,VADODARA MUMBAI EXPRESSWAY (PHASE II - PKG XII) [KM. 50.700 TO KM. 77.000] (MASVAN - GANJAD),,,2025-02,2025-06,5
N24001506,VADODARA MUMBAI EXPRESSWAY (PHASE II - PKG XIII) [KM. 26.582 TO KM. 50.700] (SHIRSAD - MASVAN),,,2025-02,2025-06,5
N24001507,VADODARA MUMBAI EXPRESSWAY (PHASE II - PKG XIV) [KM. 3.000 TO KM. 20.200 OF SPUR] (SHIRSAD - AKLOLI),,,2025-02,2025-06,5
N24001508,VADODARA MUMBAI EXPRESSWAY (PHASE II - PKG XVI) [KM. 43.000 TO KM. 69.800 OF SPUR] (AMNE - BHOJ),,,2025-02,2025-06,5
N24001511,CONSTRUCTION OF FOUR LANE RINGROAD BYPASS SRINAGAR CITY,,,2025-02,2025-06,5
N24001515,DELHI VADODARA GREENFIELD ALIGNMENT SECTION OF NH 148N PACKAGE 26,,,2025-02,2025-06,5
N24001516,DELHI VADODARA GREENFIELD ALIGNMENT SECTION OF NH 148N PACKAGE 27,,,2025-02,2025-06,5
N24001518,DELHI VADODARA GREENFIELD ALIGNMENT SECTION OF NH 148N PACKAGE 30,,,2025-02,2025-06,5
N24001519,DELHI VADODARA GREENFIELD ALIGNMENT SECTION OF NH 148N PACKAGE 28,,,2025-02,2025-06,5
N24001520,DELHI VADODARA GREENFIELD ALIGNMENT SECTION OF NH 148N PACKAGE 31,,,2025-02,2025-06,5
N24001521,VADODARA MUMBAI EXPRESSWAY (PHASE II - PKG XV) [KM. 20.200 TO KM. 43.000 OF SPUR] (AKLOLI - AMNE),,,2025-02,2025-06,5
N24001522,4L OF KODAD (DESIGN KM 0.00/EXISTING KM 185.00 OF NH- 65) TO KHAMMAM,,,2025-02,2025-06,5
N24001523,6L ACCESS-CONTROLLED HIGHWAY FROM (GANESHPUR) TO(NEAR MOHAND) OF GANESHPUR ? DEHRADUN SECTION FROM K,,,2025-02,2025-06,5
N24001524,6L OF ACCESS-CONTROLLED HIGHWAY FROM MOHAND TO DAAT KALI TUNNEL OF GANESHPUR ? DEHRADUN SECTION FROM,,,2025-02,2025-06,5
N24001525,6L ACCESS-CONTROLLED HIGHWAY OF DAAT KALI TUNNEL - DEHRADUN OF GANESHPUR ? DEHRADUN SECTION FROM KM.,,,2025-02,2025-06,5
N24001526,UPGRADATION AND 4L OF HARIDWAR BYPASS FROM KM 0.000 (KM 188.100 OF NH-58) TO KM. 15.100,,,2025-02,2025-06,5
N24001527,2L+PS FOR WORK OF NH-325 (BALOTRA TO SANDERAO VIA JALORE) BY CONSTRUCTION OF BYPASSES:(1) ASOTRA- BR,,,2025-02,2025-06,5
N24001528,WIDENING OF PACHPADRA- BAGUNDI SECTION TO 4 LANE FROM KM 73/60 TO 95/70 OF NH- 25 ON EPC MODE IN THE,,,2025-02,2025-06,5
N24001529,44 LANE DIVIDED CARRIAGEWAY OF BARMER BYPASS OF NH-15 (NEW NH-68) IN THE STATE OF RAJASTHAN ON EPC M,,,2025-02,2025-06,5
N24001530,UPGRADATION TO TWO LANE PAVED SHOULDER OF KOTHUN- LALSOT-KAROLI-DHOLPUR ROAD NH-23 (OLD NH-11B) IN TH,,,2025-02,2025-06,5
N24001532,"CONSTRUCTION OF 4-LANE NH- 344P-PACKAGE-4 (FROM KM 0+000 TO KM 29+600, 29.6KM), STARTING FROM BAWANA",,,2025-02,2025-04,3
N24001533,CONSTRUCTION OF 4-LANE GREEN FIELD DELHI-AMRITSAR- KATRA EXPRESSWAY (NE-05) FROM JUSSUR KHERI ON KMP,,,2025-02,2025-04,3
N24001534,CONSTRUCTION OF FOUR-LANE GREENFIELD DELHI-AMRITSAR- KATRA EXPRESSWAY FROM JUNCTION WITH ROHTAK-PANIP,,,2025-02,2025-04,3
N24001535,4-LANING OF GOHANA-SONIPAT (PKG-2) SECTION FROM KM 40.601 TO KM 78.837 (LENGTH = 38.236KM) OF NH-352,,,2025-02,2025-06,5
N24001536,FOUR LANING OF JIND GOHANA GREENFIELD ALIGNMENT PACKAGE 1 IN THE STATE OF HARYANA UNDER HYBRID ANNUI,,,2025-02,2025-04,3
N24001537,DABOKA KATHKATI PACKAGE-7,,,2025-02,2025-06,5
N24001538,IMPHAL - KHONGSANG PKG-5,,,2025-02,2025-06,5
N24001539,IMPHAL - KHONGSANG PKG-6,,,2025-02,2025-06,5
N24001540,AKASH BRIDGE - JESSAMI SECTION PKG-2,,,2025-02,2025-06,5
N24001541,RANIKOR- MAHESHKHOLA- BAGHMARA PKG-2,,,2025-02,2025-06,5
N24001542,2 LANING FROM MANU-SIMLUNG PKG-2,,,2025-02,2025-06,5
N24001543,FOUR LANING OF JAMMU- AKHNOOR PKG-1,,,2025-02,2025-06,5
N24001544,FOUR LANING OF SRIRAMPUR- DHUBRI PKG-2,,,2025-02,2025-06,5
N24001545,"6L STANDALONE FLYOVERS AT RAHA, DEMOW, BORGHAT, KATHIATALI JUNCTIONS AND ROB AT JAGIROAD ON STRETCHE",,,2025-02,2025-06,5
N24001546,6L OF KAGAL-SATARA SECTION FROM KM 592.240 TO KM 658.000 OF NH-48 (PKG-I),,,2025-02,2025-06,5
N24001547,BALANCE WORK OF 4L OF NARIMBANGLO?JATINGA JUNCTION- HARANGAJO ROAD SECTION FROM KM 0.000 TO KM 49.23,,,2025-02,2025-06,5
N24001548,"6L STANDALONE FLYOVERS AT BONGAIGAON, CHAPAGURI, PATHSALA, SIMLAGURI CHOWK AND BAIHATA BYPASS JUNCTI",,,2025-02,2025-06,5
N24001550,DELHI-AMRITSAR-KATRA EXPRESSWAY (PHASE-II PKG- XVI) EXISTING JAKH (VIJAYPUR)- KUNJWANI SECTION OF NH-4,,,2025-02,2025-06,5
N24001551,DELHI-AMRITSAR-KATRA EXPRESSWAY (PHASE-II PKG- XIV) FROM JUNCTION WITH PATHANKOT-GURDASPUR ROAD,,,2025-02,2025-06,5
N24001552,DELHI-AMRITSAR-KATRA EXPRESSWAY (PHASE-II PKG-XV) [JUNCTION WITH HIRANAGAR ROAD NEAR VILLAGE GURHA B,,,2025-02,2025-06,5
N24001553,4L MEDINIPUR TO BALLUPUR FROM KM. 458.65 TO KM. 487.65 OF NH-07(PKG-2),,,2025-02,2025-06,5
N24001555,"6 LANING OF EXISTING 4-LANE STRETCH FROM KALKALLU AT KM.454+000 TO GUNDLA POCHAMPALLY AT KM.471+000,",,,2025-02,2025-06,5
N24001556,6L OF EXISTING 4L FROM GUNDLAPOCHAMPALLY TO BOWENPALLY FROM KM 471.300 TO KM 481.331 OF NH-44,,,2025-02,2025-06,5
N24001557,4L GREENFIELD SPUR FROM DELHI-VADODARA GREENFIELD EXPRESSWAY NEAR BANDIKUI TO JAIPUR,,,2025-02,2025-06,5
N24001558,4L OF KARWAR (KM. 281.980 OF NH-62 NAGAUR ROAD) TO DANGIYAVAS OF JODHPUR RING ROAD (PKG-II),,,2025-02,2025-06,5
N24001559,2L PS SRIGANGANAGAR TO RAISINGHNAGAR (DESIGN CHAINAGE -0.500 KM TO DESIGN CHAINAGE 101.000 KM),,,2025-02,2025-06,5
N24001563,DEOGARH (NEAR DHANDHANIYA)- RAJASTHAN/GUJARAT BORDER (PHASE-I) (AJ/DRGB-PACKAGE-6),,,2025-02,2025-06,5
N24001564,DEOGARH (NEAR DHANDHANIYA)- RAJASTHAN/GUJARAT BORDER (PHASE-I) (AJ/DRGB-PACKAGE-7),,,2025-02,2025-06,5
N24001567,DELHI-VADODARA GREENFIELD ALIGNMENT (NH-148N) (PKG-10) (CH. 292.950 TO CH. 319.400) [END OF INTERCHA,,,2025-02,2025-06,5
N24001568,DELHI-VADODARA GREENFIELD ALIGNMENT (NH-148N) (PKG-14) (CH. 388.420 TO CH. 419.000) [JUNCTION WITH N,,,2025-02,2025-06,5
N24001573,DELHI-VADODARA GREENFIELD ALIGNMENT (NH-148N) (PKG-09) (CH. 247.310 TO CH. 292.950) [JUNCTION WITH M,,,2025-02,2025-06,5
N24001587,WIDENING AND STRENGTHENING OF SECTION FROM BHARTHANA CHOWK TO KODARKOOT (KM. 0.00 TO KM. 40.00) OF,,,2025-02,2025-06,5
N24001588,DEVELOPMENT OF SIX LANE SARGI-BASANWAHI OF NH 130 CD FROM KM.42+800 TO 99+500 UNDER RAIPUR VISAKHAPA,,,2025-02,2025-06,5
N24001589,HARIHARGANJ TO PARWA MODE SECTION FROM KM 23.284 TO KM 57.049 OF NH-98,,,2025-02,2025-06,5
N24001590,4L FROM KM 196.87 (SANKHA) TO KM 219.6 (KHAJURI) ON NH-75 [REHLA / GARHWA BYPASS],,,2025-02,2025-06,5
N24001593,DEVELOPMENT OF SIX LANE JHANKI SARGI OF NH 130 CD FROM KM.0+000 TO 42+800 UNDER RAIPUR VISAKHAPATTNA,,,2025-02,2025-06,5
N24001594,ELEVATED CORRIDOR IN RANCHI CITY FROM KM 0.00 TO KM 3.260 OF NH-75 INCLUDING DOWN RAMP ON NH-23 FROM,,,2025-02,2025-06,5
N24001595,4L OF PALMA TO GUMLA SECTION OF NH23 FROM KM. 26.00 TO KM. 89.170 ON HAM MODE IN THE STATE OF JHARKH,,,2025-02,2025-06,5
N24001596,4L OF MIRZA CHAUKI TO FARKKA SECTION OF NH80 FROM KM 215.00 TO KM 260.00 ON HAM MODE IN THE STATE OF,,,2025-02,2025-06,5
N24001598,6L FROM SANKESHWAR BYPASS TO MH KNT BORDER FROM KM. 555.017 TO KM. 592.853 OF NH-48 (PKG II),,,2025-02,2025-06,5
N24001599,BELAKERI PORT TO KUMTA - SIRSI ROAD FROM KM 0.00 - KM 4.265 OF BELEKERI PORT ROAD LINK RD. AND KM 4.,,,2025-02,2025-06,5
N24001600,BALANCE WORK 2-LANE WITH PAVED SHOULDERS OF NAGAPATTINAM - THANJAVUR SECTION OF NH-67 (NEW NH-83),,,2025-02,2025-05,4
N24001601,4-LANING OF KAMALAPURAM - ODDANCHATRAM SECTION OF NH-209,,,2025-02,2025-06,5
N24001602,4-LANING OF MADATHUKULAM - POLLACHI SECTION OF NH-209 (NEW NH-83),,,2025-02,2025-06,5
N24001603,4-LANING OF ODDANCHATRAM - MADATHUKULAM SECTION OF NH-209 (NEW NH-83),,,2025-02,2025-05,4
N24001605,"4-LANING OF MELUR - PILLAYARPATTI - KARAIKUDI SECTION OF NH-338, NH-36, NH- 383",,,2025-02,2025-06,5
N24001606,4-LANING OF VADIPPATTI - THAMARAIPATTI SECTION OF NH- 744A (MADURAI RING ROAD),,,2025-02,2025-06,5
N24001607,BALANCE WORKS OF 4L PANVEL- INDAPUR SECTION OF NH-66 (OLD NH-17) FROM KM 42.300 (KASU) TO KM 84.600,,,2025-02,2025-06,5
N24001608,VADODARA MUMBAI EXPRESSWAY (PHASE II - PKG XVII) [KM. 69.800 TO KM. 79.783 OF SPUR] (BHOJ - MORBE),,,2025-02,2025-06,5
N24001609,BALANCE WORK OF 4 LANING OF PANVEL TO INDAPUR SECTION OF NH-66(OLD NH- 17) FROM KM 0.000 (PANVEL) TO,,,2025-02,2025-06,5
N24001610,4L OF EXISTING 2/4L STRETCH FROM LONAND TO DIVE GHAT (KM 166.400 TO KM 220.900 ) OF MOHOL ? ALANDI S,,,2025-02,2025-06,5
N24001611,4 LANE OF BILASPUR TO URGA PROJECT (KM 0.00 TO KM 70.2) OF NH-130A,,,2025-02,2025-06,5
N24001612,DELHI-VADODARA GREENFIELD ALIGNMENT (NH-148N) (PKG-15) (CH. 419.000 TO CH.427.300) [JUNCTION WITH NH,,,2025-02,2025-06,5
N24001614,4LBERKHEDI TO GODPEHRA NH- 44,,,2025-02,2025-06,5
N24001615,4L OF SAGAR - MOHARI FROM KM.8 TO KM.50 (PKG-I),,,2025-02,2025-06,5
N24001616,2L PS OF SATNA - MAIHAR SECTION OF NH-135BG FROM KM 80.800 TO KM 120.125,,,2025-02,2025-04,3
N24001618,KATNI BYPASS FROM KM. 359.50 TO KM. 378.50,,,2025-02,2025-06,5
N24001619,CORRIDOR EFFICIENCY IMPROVEMENT INCLUDING REMOVAL OF BLACK SPOTS IN LAKHANPUR - SAMBA SECTION OF NH-,,,2025-02,2025-06,5
N24001620,CONSTRUCTION OF TUNNELS/VIADUCTS AT IDENTIFIED SLIDING/SLIP ZONES AT KM 130.550 TO KM.130.750; KM.,,,2025-02,2025-06,5
N24001621,"4L OF KM.165.092 TO KM.171.855 (NORTH BOUND) AND FROM KM.166.895 TO KM.173.638 (SOUTH BOUND), EXCL.",,,2025-02,2025-06,5
N24001622,4L TWIN TUBE TUNNEL INCLUDING APPROACHES FROM DIGDOL TO KHUNI NALLAH,,,2025-02,2025-06,5
N24001623,BANIHAL BYPASS (DELINKED FROM SRINAGAR - BANIHAL) FROM KM. 187.00 TO KM. 189.350,,,2025-02,2025-06,5
N24001624,CONSTRUCTION OF EMERGENCY LANDING FACILITY FROM KM. 246.60 TO KM. 249.70 ON SRINAGAR - BANIHAL SECTI,,,2025-02,2025-06,5
N24001625,6L ACCESS CONTROLLED GREENFIELD HIGHWAY OF JULEKAL VILLAGE TO DINNEDEVARAPADU VILLAGE FROM KM 242.20,,,2025-02,2025-06,5
N24001626,6L ACCESS CONTROLLED GREENFIELD HIGHWAY OF NANDINNE VILLAGE TO JULEKAL VILLAGE FROM KM 202.900 TO KM,,,2025-02,2025-06,5
N24001627,4L OF TWIN TUBE TUNNEL CONFIGURATION INCLUDING APPROACHES FROM MAROG TO DIGDOL,,,2025-02,2025-06,5
N24001628,4/6L OF SPUR TO HARIDWAR (GREENFIELD) FROM KM. 0.000 TO KM. 49.000,,ROAD TRANSPORT AND HIGHWAYS,2025-02,2025-06,5
N24001629,6L WITH ACCESS CONTROL PROVISION SAHARANPUR BYPASS TO GANESHPUR SECTION FROM 13.89 KM TO 41.820 KM O,,,2025-02,2025-06,5
N24001630,4/6L GREENFIELD LUDHIANA RUPNAGAR HIGHWAY FROM JUNCTION WITH NE 05 VILLAGR NEAR TO MANEWAL,,,2025-02,2025-06,5
N24001631,6L OF IT CITY CHOWK TO KURALI CHANDIGARH ROAD,,,2025-02,2025-06,5
N24001632,CONSTRUCTION OF FOUR LANE GREENFIELD PROJECT OF DELHI- AMRITSAR-KATRA EXPRESSWAY (PHASE-I PKG-V) FROM,,,2025-02,2025-06,5
N24001633,CONSTRUCTION OF FOUR LANE GREENFIELD PROJECT OF DELHI-AMRITSAR-KATRA EXPRESSWAY (PHASE-I PKG-III) F,,,2025-02,2025-06,5
N24001634,CONSTRUCTION OF FOUR LANE GREENFIELD PROJECT OF DELHI- AMRITSAR-KATRA EXPRESSWAY (PHASE-I PKG-IV) FRO,,,2025-02,2025-06,5
N24001635,4 LANING OF JAGADHRI TAJEWALA ROAD SECTION OF NH 907 (OLD NH 73A) UNDER NH(O) (PKG 1) IN THE STATE O,,,2025-02,2025-06,5
N24001636,CONSTRUCTION OF FOUR/SIX LANE GREENFIELD LUDHIANA ? RUPNAGAR NATIONAL HIGHWAY NO. NH-205K UNDER BHAR,,,2025-02,2025-06,5
N24001637,DEVELOPMENT OF 6 LANE JALANDHAR BYPASS FROM KAHLWAN NATIONAL HIGHWAY 03 DESIGN KM 0.00 ENDING AT K,,,2025-02,2025-06,5
N24001638,4L GREENFIELD A. MALOUT BYPASS FROM CH. KM 44.500 TO CH. KM 35.500 ON NH-07 AND CH. KM 0.000 TO KM 6,,,2025-02,2025-06,5
N24001639,FOUR LANING OF MOGA TO BAJAKHANA LAMBWALI SECTION OF 105B GREENFIELD ALIGNMENT FROM DESIGN CHAINAGE,,,2025-02,2025-06,5
N24001640,6L AMRITSAR BATHINDA GREENFIELD SECTION FROM VILLAGE TIBA ON NE 5A TO JN. WITH MOGA JALANDHAR ROAD N,,,2025-02,2025-06,5
N24001641,DELHI AMRITSAR KATRA EXPRESSWAY PHASE I SPUR III FROM JUNCTION WITH AMRITSAR JALANDHAR ROAD NH3 NEAR,,,2025-02,2025-06,5
N24001642,FOUR LANING OF AMRITSAR BYPASS FROM NEW TARN TARAN ROAD TO AJNALA ROAD FROM DESIGN KM. 0.750 TO DESI,,,2025-02,2025-06,5
N24001643,4L OF AMRITSAR GHOMAN TANDA UNA SECTION FROM KM 8.270 TO KM 54.000 OF NH 503A PACKAGE I,,,2025-02,2025-06,5
N24001644,AMRITSAR AIRPORT JUNCTION RAMDAS FROM KM. 100.835 TO KM. 139.813 PKG IV,,,2025-02,2025-06,5
N24001647,BALANCE WORK OF PANIKOILI RIMULI SECTION OF NEW NH-20 FROM KM 0.00 TO KM. 163.000,,,2025-02,2025-06,5
N24001648,CONSTRUCTION OF 6 LANE ELEVATED CORRIDOR ALONG WITH DEVELOPMENT OF EXISTING 4 LANE ROAD AT GROUND LE,,,2025-02,2025-06,5
N24001649,SIX LANING OF PARAVOOR(DESIGN KM. 417+000) TO KOTTUKULANGARA(DESIGN KM. 454+500) SECTION OF NEW NH-6,,,2025-02,2025-06,5
N24001650,SIX LANING OF KADAMBATTUKONAM TO KAZHAKKOOTTAM SECTION OF NH-66(OLD NH-47) FROM KM. 517+250 TO KM.54,,,2025-02,2025-06,5
N24001651,SIX LANING OF THURAVOOR (DESIGN KM. 378+612) TO PARAVOOR (DESIGN KM.417+000) SECTION OF NEW NH-66,,,2025-02,2025-06,5
N24001652,6L MINOR BRIDGE (PALOLI PALAM) AT KM. 203.160 and MAJOR BRIDGE (MORAD) AT KM. 204.895 AND ALLIED WOR,,,2025-02,2025-06,5
N24001653,SIX LANING FROM KODUNGALLUR TO EDAPALLY SECTION OF NH ?66 (OLD NH-17) FROM DESIGN CHAINAGE 397+750,,,2025-02,2025-06,5
N24001654,SIX LANING OF START OF KOLLAM BYPASS (KM.486+000) KADAMBATTUKONAM (KM.517+250) SECTION OF NEW NH-66,,,2025-02,2025-06,5
N24001655,SIX LANING FROM KAPPIRIKKAD TO THALIKULAM SECTION OF NH ? 66 (OLD NH-17) FROM DESIGN CH. 335+850,,,2025-02,2025-06,5
N24001656,SIX LANING FROM THALIKULAM TO KODUNGALLUR SECTION OF NH ? 66 (OLD NH-17) FROM DESIGN CH.369+015,,,2025-02,2025-06,5
N24001657,SIX LANING OF KOTTUKULANGARA (DESIGN KM. 454+500) TO START OF KOLLAM BYPASS (DESIGN KM. 486+000) SEC,,,2025-02,2025-06,5
N24001658,SIX LANING OF RAMANATTUKARA JUNCTION TO START OF VALANCHERY BYPASS SECTION OF NH-66 (OLD NH-17) FROM,,,2025-02,2025-06,5
N24001659,SIX LANING FROM START OF VALANCHERY BYPASS TO KAPPIRIKKAD-SECTION OF NH- 66(OLD NH-17) FROM DESIGN CH,,,2025-02,2025-06,5
N24001660,SIX LANING OF THALIPARAMBHA- MUZHAPILANGAD SECTION FROM KM 137.900 TO KM. 170.600 OF NH-17,,,2025-02,2025-06,5
N24001661,6L OF AZHIYUR-VENGALAM FROM KM. 189.200 TO KM. 230.400 OF NH-66,,,2025-02,2025-06,5
N24001662,SIX LANING OF KT/KL BORDER (THALAPPDY) TO CHENGALA SECTION OF NH17 (NEW NH-66) FROM CH. 17.200 TO CH,,,2025-02,2025-06,5
N24001663,SIX LANING OF NEELESHWARAM TO THALIPARAMBHA SECTION FROM CH. 94+540 (EXISTING KM 96+450) TO CH. 134+,,,2025-02,2025-06,5
N24001664,SIX LANING OF CHENGALA TO NEELESHWARAM SECTION OF NH-17 (NEW NH-66) FROM CH. 56+200,,,2025-02,2025-06,5
N24001665,6L GREENFIELD KANDILI - ALURU SECTION OF NH-130-CD ROAD FROM KM 342+500 TO KM 365+033,,,2025-02,2025-06,5
N24001666,6L GREENFIELD BARAJA - KANDILI SECTION OF NH- 130-CD ROAD FROM KM 338+500 TO KM 342+500,,,2025-02,2025-06,5
N24001667,6L GREENFIELD KALIAGURA ? BAUNSAGUAR SECTION OF NH- 130-CD ROAD FROM KM 249+000 TO KM 293+000,,,2025-02,2025-06,5
N24001668,6L OF BADAKUMARI - KARKI SECTION FROM KM 179.000 TO KM 226.500 OF NH-130-CD (PACKAGE ? OD-3),,,2025-02,2025-06,5
N24001669,6L OF DHANARA - HATIBENA SECTION FROM KM 124.611 TO KM 146.50 OF NH-130-CD (PACKAGE ? OD-1),,,2025-02,2025-06,5
N24001670,6L OF KARKI ? KALIAGURA SECTION FROM KM 226.500 TO KM 249.000 OF NH-130-CD (PACKAGE ? OD-4),,,2025-02,2025-06,5
N24001671,6L OF HATIBENA - BADAKUMARI SECTION FROM KM 146.50 TO KM 179.00 OF NH-130-CD (PACKAGE ? OD-2),,,2025-02,2025-06,5
N24001673,4- LANING OF ROHTAK-JIND SECTION FROM KM. 307+000 TO KM. 347+800 OF NH-71 AND CONNECTING LINK FROM K,,,2025-02,2025-06,5
N24001674,BANGALORE/TN BORDER TO HOSKOTE,,,2025-02,2025-06,5
N24001675,6L OF MH/KN BORDER (NIMBAL VILLAGE) TO KN/TS BORDER (SINGNODI VILLAGE) FROM KM. 162.5 TO KM. 203.100,,,2025-02,2025-03,2
N24001676,6L OF MH/KN BORDER (NIMBAL VILLAGE) TO KN/TS BORDER (SINGNODI VILLAGE) FROM KM. 26.000 TO KM. 97.000,,,2025-02,2025-06,5
N24001677,BALANCE WORK OF 2L PS FROM KM 30.800 TO 70.800 AND 2L WITH RIGID CARRIAGEWAY FROM 70.800 TO KM 84.12,,,2025-02,2025-06,5
N24001678,6L GREENFIELD BAUNSAGUAR - BARAJA SECTION OF NH-130-CD ROAD FROM KM 293+000 TO KM 338+500,,,2025-02,2025-06,5
N24001679,6L FROM BELGAUM TO SANKESHWAR BYPASS FROM KM 515.000 TO KM 555.017 OF NH 48,,,2025-02,2025-06,5
N24001680,4L OF SANNUR TO BIKARNAKATTE SECTION FROM KARKALA TO MANGALORE,,,2025-02,2025-06,5
N24001681,TUMKUR - NELAMANGALA(6L),,,2025-02,2025-06,5
N24001682,UPGRADATION 2/4 LANE NH CONNECTIVITY UNDER SAGARMALA SCHEME SH 2 HAVERI YEKAMBI SH 69 YEKAMBI KUMTA,,,2025-02,2025-06,4
N24001683,AURAD - BIDAR KM 0.00 TO KM 45.878,,,2025-02,2025-03,2
N24001684,4L OF CHANNARAYAPATNA BYPASS AND HASSAN BYPASS WITH STRUCTURES IN DEVIHALLI -HASSAN SECTION,,,2025-02,2025-06,5
N24001686,FOUR LANING OF BANAVARA TO BETTADAHALLI SECTION FROM KM. 119+790 (DESIGN KM. 121+900) TO KM. 166+100,,,2025-02,2025-03,2
N24001687,FOUR LANING OF BETTADAHALLI TO SRIRAMPURA SECTION FROM KM. 166+100 (DESIGN KM. 170+415) TO KM. 217+0,,,2025-02,2025-06,5
N24001691,FOUR LANING OF KARADI TO BANAVARA SECTION FROM KM. 66+540 (DESIGN KM. 65+195) TO KM. 119+790,,,2025-02,2025-03,2
N24001692,BALANCE WORKS OF FOUR LANE FROM KM 43+950 (THIRUVALLUR BYPASS) TO KM 61+470 (VEPPAMPATTU BYPASS) PAS,,,2025-02,2025-06,5
N24001693,FOUR LANING OF NERALURU TO THORAPALLI AGRAHARAM SECTION OF NH-844 (PKG-I) FROM KM.0+000 TO KM.23+350,,,2025-02,2025-06,5
N24001694,FOUR LANING OF THORAPALLI AGRAHARAM TO JITTANDAHALLI SECTION OF NH-844 (PKG-II) FROM KM.23+350 TO KM,,,2025-02,2025-06,5
N24001696,FOUR LANING OF JITTANDAHALLI TO DHARMAPURI SECTION OF NH- 844 (PKG-III) FROM KM.60+100 TO KM.94+460,,,2025-02,2025-06,5
N24001697,4L GREENFIELD ALIGNMENT FROM KALYANAPUR TO TAL DASHRAHA OF NH-119D (PKG-III),,,2025-02,2025-06,5
N24001698,FOUR LANING OF MUNGER TO MIRZACHAUKI (NH-80) SECTION FROM NEAR RASULPUR TO MIRZACHAUKI,,,2025-02,2025-06,5
N24001699,CONSTRUCTION OF 4 LANE ELEVATED SECTION AND AT- GRADE IMPROVEMENTS AT BEGUSARAI TOWN SECTION OF NH-3,,,2025-02,2025-06,5
N24001700,SIX LANNING OF AURANGABAD TO BIHAR/JHARKHAND BORDER SECTION OF NH-19 (OLD NH-2) FROM KM. 209.827 TO,,,2025-02,2025-06,5
N24001701,FOUR LANING OF MUNGER TO MIRZACHAUKI (NH-80) SECTION FROM START OF EXISTING BHAGALPUR BYPASS TO RASU,,,2025-02,2025-06,5
N24001702,CONSTRUCTION OF 4 LANE ELEVATED HIGHWAY AND AT- GRADE IMPROVEMENTS AT GOPALGANJ TOWN FROM DESIGN CH:,,,2025-02,2025-06,5
N24001703,6 L OF AURANGABAD TO BIHAR- JHARKHAND BORDER (CHORDAHA) SECTION FROM KM. 180.000 TO KM. 209.827 OF N,,,2025-02,2025-06,5
N24001704,FOUR LANING OF MUNGER TO MIRZACHAUKI (NH-80) SECTION FROM KHARIA VILLAGE JUNCTION TO START OF EXISTI,,,2025-02,2025-06,5
N24001705,FOUR LANING OF MUNGER TO MIRZACHAUKI (NH-80) SECTION FROM MUNGER TO KHARIA VILLAGE JUNCTION DESIGN C,,,2025-02,2025-06,5
N24001708,BAKHTIYARPUR RAJAULI PKG-III FROM KM 101.630 TO KM 152.520 NH20,,,2025-02,2025-04,3
N24001709,BAKHTIYARPUR RAJAULI PKG-II FROM KM 54.405 TO KM 101.630 NH20,,,2025-02,2025-06,5
N24001711,6L OF KANHAULI RAMNAGAR PATNA RING ROAD PKG I FROM KM 0.000 TO KM 39.160 OF SH78 NEW NH131G,,,2025-02,2025-04,3
N24001712,FOUR LANING OF PARARIA TO MOHANIA SECTION OF NH 319 (OLD NH 30) FROM KM. 54+530 (DESIGN CHAINAGE) TO,,,2025-02,2025-06,5
N24001715,BALANCE WORK OF TWO LANING WITH PAVED SHOULDER OF PIPRAKOTHI?MOTIHARI- RAXAUL SECTION OF NH-28A FRO,,,2025-02,2025-06,5
N24001716,THOPPUR METTUR BHAVANI ERODE SECTION OF NH 544H FOR A LENGTH OF 85 KM,,,2025-02,2025-06,5
N24001717,BANGALORE CHENNAI EXPRESSWAY PHASE-III PACKAGE III (ARAKKONAM TO KANCHEEPURAM) FROM KM 204.500 TO K,,,2025-02,2025-06,5
N24001718,BANGALORE CHENNAI EXPRESSWAY PHASE-III PACKAGE II (WALAJAHPET TO ARAKKONAM) FROM KM 180.000 TO KM 2,,,2025-02,2025-06,5
N24001719,4L BANGALORE-CHENNAI EXPRESSWAY FROM KM. 230.000 TO KM. 261.705 OF KANCHEPURAM TO SRIPERUMBUDUR SECT,,,2025-02,2025-06,5
N24001720,BANGALORE CHENNAI EXPRESSWAY PHASE-III ? PACKAGE I (GUDIPALA TO WALAJAJHPET) FROM KM 156.000 TO KM 1,,,2025-02,2025-06,5
N24001721,FOUR LANING OF MAMALLAPURAM TO MUGAIYUR SECTION OF NH332A FROM KM 0.000 TO KM 31.000,,,2025-02,2025-06,5
N24001722,6L OF MADURAVOYAL TO SRIPERUMBUDUR SECTION FROM KM. 13.800 TO KM. 37.000 OF NH-4 THROUGH STATE HIGH,,,2025-02,2025-06,5
N24001723,KARAIPETTAI TO WALAJAPET FROM KM 71.015 TO 107.091,,,2025-02,2025-06,5
N24001725,6L OF SRIPERUMBUDUR TO KARAIPETTAI FROM KM 37.000 TO KM 71.015 OF NH 48,,,2025-02,2025-06,5
N24001726,4L SPUR OF SHAMLI- MUZZAFARNAGAR CONNECTING NH-709AD (PANIPAT-SHAMLI- MUZAFFARNAGAR) AND NH-58,,,2025-02,2025-06,5
N24001727,"IMPROVEMENT AND UP- GRADATION OF EXISTING ROAD TO 2/4L PS FROM KM 40.000 TO 88.750, START OF KHUTAR B",,,2025-02,2025-06,5
N24001728,"IMPROVEMENT AND UP- GRADATION OF EXISTING ROAD TO 4L PS FROM KM 175.080 TO 229.070, FROM END OF HARDO",,,2025-02,2025-03,2
N24001729,4L SPUR OF PANIPAT - SHAMLI CONNECTING NH-709AD (PANIPAT ? SHAMLI ? MUZAFFARNAGAR) AND NH-709A,,,2025-02,2025-06,5
N24001730,4L FROM GAJU VILLAGE AT KM 32.982 TO DEVINAGAR BYPASS (END) AT KM 208.000 OF NH 530B (PKG 1C),,,2025-02,2025-06,5
N24001731,6L GREENFIELD KANPUR - LUCKNOW (EXPRESSWAY) PKG II FROM KM. 28.500 TO KM. 73.744,,,2025-02,2025-06,5
N24001732,"IMPROVEMENT AND UP- GRADATION OF EXISTING ROAD TO 4L PS FROM KM 229.070 TO 260.800, END OF HARDOI DIS",,,2025-02,2025-06,5
N24001733,6L ACCESS CONTROLLED GREENFIELD HIGHWAY OF JUNCTION OF EPE (VILL.- MAVIKALAN) TO VILL.-LOHADDA FROM K,,,2025-02,2025-06,5
N24001734,6L ACCESS CONTROL GREENFIELD HIGHWAY OF VILL- LOHADDA TO VILL-KARAUNDA MAHAJAN FROM KM. 27.000 TO KM.,,,2025-02,2025-06,5
N24001735,6L ACCESS CONTROL GREENFIELD HIGHWAY OF VILL- KHYAWARI TO VILL-LATIFPUR AT SAHARANPUR BYPASS FROM KM,,,2025-02,2025-06,5
N24001736,6L ACCESS CONTROL GREENFIELD HIGHWAY OF VILL- KARAUNDA MAHAJAN TO VILL- KHYAWARI FROM KM. 56.500 TO K,,,2025-02,2025-06,5
N24001737,"4LPS OF MUZAFFARNAGAR TO MIRANPUR SECTION OF NH- 709AD, PKG-III",,,2025-02,2025-06,5
N24001738,"2LPS OF BIJNOR TO KOTAWALI SECTION OF NH-709AD, PKG-IV",,,2025-02,2025-06,5
N24001739,REHABILITATION and UPGRADATION FROM 2 LANE TO 4 LANE OF NH STRETCH UNDER BHARATMALA PARIYOJANA FOR U,,,2025-02,2025-06,5
N24001744,"4L OF SHAMLI BYAPSS- SAHARANPUR FROM KM 92.2 TO KM 155.025 SECTION OF NH- 709B, PKG-II",,,2025-02,2025-06,5
N24001745,KANPUR LUCKNOW EXPRESSWAY PKG-1 CONSTRUCTION OF 6-LANE TO EIGHT LANE OF KANPUR LUCKNOW EXPRESSWAY,,,2025-02,2025-06,5
N24001746,2-LANE EXISTING RAMPUR BYPASS OF RAMPUR TO BE DEVELOPED TO 4-LANE ON EPC MODE IN THE STATE OF UTTAR,,,2025-02,2025-06,5
N24001747,SIX LANE OF PALSIT TO DANKUNI SECTION FROM 588.870 TO KM. 652.700,,,2025-02,2025-06,5
N24001748,SIX LANING OF NATIONAL CORRIDOR NH19 FROM PANAGARH TO PALSIT IN THE STATE OF WEST BENGAL UNDER BHARA,,,2025-02,2025-06,5
N24001749,FOUR LANING OF PURULIYA BYPASS SECTION OF NH 32 IN THE STATE OF WEST BENGAL ON EPC MODE,,,2025-02,2025-06,5
N24001750,CONSTRUCTION OF NEW 4 LANE BRIDGE OVER RIVER GANGA AT DOWNSTREAM OF FARAKKA BARRAGE INCLUDING APPROA,,,2025-02,2025-06,5
N24001753,4 LANING OF NAJIBABAD BYPASS OF NH-119 FROM KM. 105.423 TO KM. 118.373,,,2025-02,2025-06,5
N24001754,SPUR OF MEERUT-GARH- MUKTESHWAR SECTION(NH- 709A) CONNECTING NH-119 AND NH-58 BYPASSING MEERUT TOWN,,,2025-02,2025-06,5
N24001755,4-LANING OF MEERUT NAJIBABAD SECTION FROM KM. 11.500 TO KM 39.250 AND KM 86.590 TO KM. 112.545.IN TH,,,2025-02,2025-06,5
N24001759,4L OF CHANDESARA TO KHEDAKHAJURIYA FROM KM. 0.000 TO (-) 750 AND KM 0.000 TO KM 41.400 OF NH-752D,,,2025-02,2025-06,5
N24001762,INDORE - HARDA (PKG-III) [NANASA TO PIDGAON SECTION FROM KM 95.000 TO KM 142.445],,,2025-02,2025-06,5
N24001765,"ADDITIONAL WORKS (2VUPS, MR- 10 JUNCTION FLYOVER AND UNDERPASS) IN SIX LANE INDORE-DEWAS SECTION OF N",,,2025-02,2025-04,3
N24001766,INDORE - HARDA (PKG-I) [INDORE TO RAGHAV GARH FROM KM. 0.25 TO KM. 26.903],,,2025-02,2025-06,5
N24001767,4L OF INDORE - BOREGAON (PKG-III) [BALWARA TO DHANGAON] FROM KM. 42.260 TO KM. 82.660 OF NH347BG AND,,,2025-02,2025-06,5
N24001768,BALANCE WORK OF 4L OF INDORE-GUJARAT/MP BORDER FROM KM 106.210 TO KM 115.250,,,2025-02,2025-04,3
N24001770,4L OF OBEDULLGANJ - BUDNI SECTION FROM KM. 8.400 TO KM. 20.700 IN RATANPANI WILDLIFE AREA OF NH - 69,,,2025-02,2025-06,5
N24001771,SIX LANE ACCESS CONTROLLED OF DELHI SAHARANPUR HIGHWAY FROM AKSHARDHAM NH 9 JUNCTION TO DELHI UP BOR,,,2025-02,2025-06,5
N24001772,4 LANE CONNECTOR FROM DELHI MEERUT EXPRESSWAY KM 50.000 TO KM 8.520 OF NH 235 IN THE STATE OF UTTAR,,,2025-02,2025-06,5
N24001773,6L ACCESS CONTROLLED HIGHWAY FROM DND MAHARANI BAGH JN. WITH JAITPUR PUSHTA ROAD OF NH 148NA FROM,,,2025-02,2025-06,5
N24001774,CONSTRUCTION OF GURGAON - PATAUDI - REWARI SECTION OF NH-352W (DESIGN LENGTH 46.11 KM) AS FEEDER ROU,,,2025-02,2025-06,5
N24001775,CONSTRUCTION OF PROPOSED REWARI BYPASS (DESIGN LENGTH 14.4 KM) NH-11 AS A FEEDER ROUTE IN THE STATE,,,2025-02,2025-06,5
N24001777,DEVELOPMENT OF 6L UER-II (PACKAGE-I) (NH-1 NEAR BAKOLI TILL KARALA KANJHAWALA ROAD) FROM KM. (-)0.70,,,2025-02,2025-06,5
N24001779,DWARKA EXPRESSWAY FROM KM -0.600 TO KM 5.300 - PKG-I (SHIVMURTI CHOWK-RUB NEAR DWARKA SECTOR 21),,,2025-02,2025-06,5
N24001781,8L OF DWARKA EXPRESSWAY PKG-II (RUB NEAR DWARKA SECTOR 21-DL/HR BORDER) FROM 5.300 KM.TO 9.500 KM. O,,,2025-02,2025-06,5
N24001783,CONSTRUCTION OF 8LANE EXPRESSWAY NE4 STARTING BEFORE KMP EXPRESSWAY AND ENDS AT CH. 47+000 NEAR KHAN,,,2025-02,2025-03,2
N24001785,UP-GRADATION TO 4-LANE WITH PAVED SHOULDER OF BHIMASAR JUNCTION OF NH-41 TO ANJAR BHUJ UPTO AIRPORT,,,2025-02,2025-06,5
N24001786,CONSTRUCTION OF EIGHT LANE ACCESS CONTROLLED EXPRESSWAY FROM KM 103.400 TO KM 128.000 OF VADODARA MU,,,2025-02,2025-06,5
N24001788,CONSTRUCTION OF EIGHT LANE ACCESS CONTROLLED EXPRESSWAY FROM KM 217.500 TO KM 254.430 OF VADODARA MU,,,2025-02,2025-04,3
N24001789,CONSTRUCTION OF EIGHT LANE EXPRESSWAY FROM KM 190.000 TO KM 217.500 GANDEVA TO ENA SECTION OF VADODA,,,2025-02,2025-06,5
N24001790,SANCHORE - SANTALPUR FROM KM 67.000- KM 99.000 OF NH- 754K (AJ-RGBS-PACKAGE-3),,,2025-02,2025-06,5
N24001791,SANCHORE - SANTALPUR FROM KM 4.888 - KM 35.000 OF NH-754K (AJ-RGBS-PACKAGE-1),,,2025-02,2025-03,2
N24001792,4L OF BAL WORKS OF TALAJA - MAHUVA FROM 54.990 KM. TO 100.450 KM. OF OLD NH-8E (PACKAGE-II),,,2025-02,2025-06,5
N24001793,4L OF BAL WORKS OF MAHUVA TO KAGVADAR FROM 100.450 KM. TO 140.470 KM. OF NH-8E (PKG- III),,,2025-02,2025-06,5
N24001794,SANCHORE - SANTALPUR FROM KM 99.000- KM 130.073 OF NH- 754K (AJ-RGBS-PACKAGE-4),,,2025-02,2025-06,5
N24001795,FOUR LANING OF AURANGABAD- PAITHAN SECTION OF NH-752E ON EPC MODE IN THE STATE OF MAHARASHTRA .,,,2025-02,2025-06,5
N24001796,4L OF RAJURA-KORPANA- ADILABAD ROAD UPTO M.S. BORDER FROM KM 32.910 TO KM 89.090 OF NH-353B,,,2025-02,2025-06,5
N24001797,6L OF WAINGANGA BRIDGE - BHANDARA (INCLUDING BHANDARA BYPASS) SECTION FROM KM 485.000 TO KM 499.800,,,2025-02,2025-06,5
N24001798,4L MITIGATION MEASURE STRUCTURES ON CH/MH BORDER TO WAINGANGA BRIDGE SECTION OF NH-53,,,2025-02,2025-06,5
N24001799,4L OF NAGPUR-KATOL SECTION FROM KM. 13.00 TO KM. 62.900 OF NH-353J,,,2025-02,2025-06,5
N24001804,BAL. WORKS OF FAGNE (KM. 510.000) TO MAHARASHTRA/GUJARAT BORDER (KM. 650.794),,,2025-02,2025-06,5
N24001808,REHABILITATION AND UPGRADING FROM 2 L TO 4 L FROM BHANGBAR(NEAR RANITAL) TO KANGRA BYPASS SECTION OF,,,2025-02,2025-06,5
N24001809,CONVERSION OF PARTIALLY EXCAVATED ESCAPE TUNNEL TO UNIDIRECTIONAL TWO LANE TUNNEL,,,2025-02,2025-06,5
N24001810,4L SUNDER NAGAR BYPASS FROM KM173.900 TO KM 179.600 OF NH-21 IN THE STATE OF HP,,,2025-02,2025-06,5
N24001811,4L OF MO - SIHUNI FROM KM. 42.00 TO KM. 51.00 OF OLD NH-20 (NEW NH-154) (PACKAGE-IB),,,2025-02,2025-06,5
N24001812,4L OF HP/PUNJAB BO4L OF HP/PUNJAB BORDER - MO FROM KM. 11.00 TO KM. 42.00 OF OLD NH-20 (NEW NH-154),,,2025-02,2025-06,5
N24001813,4L OF END OF PINJORE BYPASS - BADDI - NALAGARH SECTION (KM. 4.200 TO KM. 35.370) OF NH21A,,,2025-02,2025-06,5
N24001815,"4L BYPASSES FOR JAGATPUR, B4ABUGANJ, UNCHAHAR, ALAPUR BYPASS, AND SAI RIVER BRIDGE OF RAEBARELI- PRA",,,2025-02,2025-04,3
N24001817,6L OF CHILKARARUPET BYPASS FROM KM. 357.400 TO KM. 371.920 OF NH-16,,,2025-02,2025-06,5
N24001818,6L OF PONDAVAKKAM TO KANNIGAIPAIR FROM KM 96.040 TO KM 116.100 OF NH 716B (PKG- IV),,,2025-02,2025-06,5
N24001819,6L OF VEERA KAVERI RAJA PURAM TO PONDAVAKKAM FROM KM 61.380 TO KM 96.040 OF NH 716B (PKG-III),,,2025-02,2025-06,5
N24001820,6L OF VARADHARAJULA TO KUMARAJAPET FROM KM 0.000 TO KM 43.800 OF NH-716B (PKG-I),,,2025-02,2025-06,5
N24001821,BANGALORE CHENNAI EXPRESSWAY (PHASE-II PKG-III) FROM KM.127.000 TO KM 156.000,,,2025-02,2025-06,5
N24001822,BANGALORE CHENNAI EXPRESSWAY (PHASE-II PKG-I) FROM KM.71.000 TO KM 96.000,,,2025-02,2025-06,5
N24001823,4L OF MADANAPALLE TO PILERU SECTION FROM KM 0.000 TO KM 55.900 OF NH-71(PACKAGE-I) - N/05060/01002/A,,,2025-02,2025-06,5
N24001824,RENIGUNTA - POYYA - NAIDUPETA KM 124.60 TO KM 183.4 OF NH 71 - N/04027/06001/AP,,,2025-02,2025-06,5
N24001825,DEVELOPMENT OF 6L UER II [PACKAGE - II] (KARALA KANJHAWALA ROAD TILL NANGLOI - NAJAFGARH ROAD) FROM,,,2025-02,2025-06,5
N24001826,VARANASI RING ROAD (PKG-II) CONNECTING SANDAHA VILLAGE (KM 11.70 / NH-29) WITH REVASA VILLAGE,,,2025-02,2025-06,5
N24001827,4L KODINAR - VERAVAL (PACKAGE VI) FROM KM. 222.400 TO KM. 230.00 (KODINAR BYPASS) OF NH-8E,,,2025-02,2025-06,5
N24001828,CONSTRUCTION OF BYPASS TO GUDIYATHAM TOWN IN KM 23/100 ? 29/250 INCLUDING LA AND SHIFTING OF NH-234,,,2025-02,2025-06,5
N24001829,FOUR LANING OF OTTANCHATRAM TO PALANI SECTION FROM KM 30/700 TO KM 55/000 OF NH 209(NEW NH-83) INCLU,,,2025-02,2025-06,5
N24001830,SIX LANE ACCESS CONTROLLED OF DELHI SAHARANPUR HIGHWAY FROM DELHI UP BORDER TO EPE JUNCTION CH.14.75,,,2025-02,2025-06,5
N24001831,SRIRAMPUR - DHUBRI PKG-1,,,2025-02,2025-06,5
N24001832,DIBRUGARH-LAHOAL-CHABUA BYPASS PACKAGE-3,,,2025-02,2025-06,5
N24001833,JAMMU - AKHNOOR SECTION OF NH 144A PKG-3B,,,2025-02,2025-06,5
N24001834,4L OF RATNAGIRI - KOLHAPUR SECTION FROM KM 67.140 TO KM 112.340 OF NH-166 (PKG ? II),,,2025-02,2025-06,5
N24001835,4L OF RATNAGIRI - KOLHAPUR SECTION FROM KM 112.340 TO KM 145.300 OF NH-166 (PKG?III),,,2025-02,2025-06,5
N24001836,6L KANTAKAPALLE ? SABBAVARAM SECTION OF NH- 130CD ROAD FROM KM 445.100 TO KM 464.662 (PKG-4),,,2025-02,2025-06,5
N24001837,6L JAKKUVA ? KORLAM SECTION OF NH-130CD ROAD FROM KM 396.800 TO KM 421.100 (PKG 2),,,2025-02,2025-06,5
N24001838,6L ALURU - JAKKUVA SECTION OF NH-130CD ROAD FROM KM 365.033 TO KM 396.800 (PKG. 1),,,2025-02,2025-06,5
N24001840,CONSTRUCTION OF MANGALDOI BYPASS (NH-15) STARTING AT CH 26+400 AND TERMINATING AT CH 41+505 UNDER RA,,,2025-02,2025-06,5
N24001841,6L ACCESS CONTROLLED GREENFIELD HIGHWAY FROM KODUR 0.000 KMS TO VANAVOLU 24.300 KMS OF NH 544G PACKA,,,2025-02,2025-06,5
N24001842,6L ACCESS CONTROLLED GREENFIELD HIGHWAY FROM VANAVOLU 24.300 KM. TO VANKARAKUNTA 45.700 KM. OF NH 5,,,2025-02,2025-06,5
N24001843,6L ACCESS CONTROLLED GREENFIELD HIGHWAY FROM VANKARAKUNTA 45.700 KM. TO ODULAPALLE 72.000 KM. OF NH,,,2025-02,2025-06,5
N24001844,6L ACCESS CONTROLLED GREENFIELD HIGHWAY FROM ODULAPALLE 72.000 KM. TO NALLACHERUVUPALLI 96.300 KM.,,,2025-02,2025-06,5
N24001845,6L ACCESS CONTROLLED GREENFIELD HIGHWAY FROM NALLACHERUVU PALLI 96.300 KM. TO YERRAGUDIPADU 129.000,,,2025-02,2025-06,5
N24001846,6L ACCESS CONTROLLED GREENFIELD HIGHWAY FROM YERRAGUDIPADU 129.000 KM. TO AUDIREDDIPALLE 160.000 KM.,,,2025-02,2025-06,5
N24001847,6L ACCESS CONTROLLED GREENFIELD HIGHWAY FROM AUDIREDDIPALLE 160.000 KM. TO MALLAPALLE 176.000 KM. PA,,,2025-02,2025-06,5
N24001848,6L ACCESS CONTROLLED GREENFIELD HIGHWAY FROM MALLAPALLE 176.000 KM. TO KAVULAKUNTLA 196.000 KM. PACK,,,2025-02,2025-06,5
N24001849,4L PS MYDUKUR BADVEL FROM KM 585.820 TO KM 630.960 SECTION OF NH 67,,,2025-02,2025-06,5
N24001850,DEVELOPMENT TO 4/6-LANNING OF NH-31 (NEW NH-10) WITH BOTH SIDE SERVICE ROADS FROM KM 569.258 TO KM 5,,,2025-02,2025-06,5
N24001851,4L FROM MATHURA BYPASS (START) AT EXISTING KM. 154.20 OF NH-44 TO GAJU VILLAGE AT KM 32.982 OF NH-53,,,2025-02,2025-06,5
N24001852,6L OF AGRA BYPASS (NORTHERN) CONNECTING KM. 174.500 OF NH-2 (NEW NH-19) TO KM. 141.000 OF YAMUNA EXP,,,2025-02,2025-06,5
N24001853,CONSTRUCTION OF LEFT OUT PORTION OF AGRA INNER RING ROAD CONNECTING VILLAGE DEORI TO NH-44 VILLAGE B,,,2025-02,2025-06,5
N24001854,FOUR LANING WITH PAVED SHOULDER OF SECTION FROM KM 53.600 (GOLA ON NH-320) TO KM 81.446,,,2025-02,2025-06,5
N24001855,WIDENING OF EXISTING SINGLE LANE ROAD TO INTERMEDIATE LANE ROAD FROM MOKOKCHUNG TO CHARE VIA DIKHU I,,,2025-02,2025-06,5
N24001856,CONSTRUCTION OF 4-LANE HIGHWAY FROM SAMARLAKOTA TO ACHAMPETA JUNCTION,,,2025-02,2025-06,5
N24001857,CONSTRUCTION OF ROAD FROM KM 0/0 TO 72/0 OF NH-26 SUCH AS 4 LANE FROM KM 0/0 TO 21/0,,,2025-02,2025-06,5
N24001858,WIDENING AND STRENGTHENING TO 2L+PS INCLUDING LA OF KANDARPUR- BALIKUDA FROM KM 277/500 TO 318/970 OF,,,2025-02,2025-06,5
N24001859,CONSTRUCTION OF BYPASS ON NH-59 FROM KM 336/350 TO 349/910 (13.56 KM) NEAR BERHAMPUR TOWN INCLUDING,,,2025-02,2025-06,5
N24001860,CONSTRUCTION OF BYPASS TO NAYAGARH TOWN FROM KM 235.469 TO 252.482 OF NH-57 INCLUDING LAND ACQUISITI,,,2025-02,2025-06,5
N24001861,CONSTRUCTION OF BYPASS TO KHORDHA TOWN FROM KM 294/000 TO 300/300 ON NH-57 INCLUDING LA IN THE STATE,,,2025-02,2025-06,5
N24001862,CONSTRUCTION OF BYPASS ROAD TO BALANGIR TOWN FROM KM 72/400 (DESING KM 0/0) TO KM 79/800,,,2025-02,2025-06,5
N24001863,"CONSTRUCTION OF 5 HL BRIDGES AT KM 379/000 (PANGAM), KM 439/400 (POTTERU), KM 444/237 (KONGURUKONDA)",,,2025-02,2025-06,5
N24001864,CONSTRUCTION OF FOUR LANE ROB AND ITS APPROACHES IN LIEU OF EXISTING LEVEL CROSSING NO. RV-71 AT KM,,,2025-02,2025-06,5
N24001865,CONSTRUCTION OF 4 LANE ROB WITH APPROACHES IN LIEU OF LC NO. RV-172 AT KM 176.00 OF NH-201,,,2025-02,2025-06,5
N24001866,"CONSTRUCTION OF TWO LANE WITH PAVED SHOULDER FOR FATEHPUR BYPASS, MANDAWA BYPASS AND JHUNJHUNU BYPAS",,,2025-02,2025-06,5
N24001867,UPGRADATION OF TWO LANE PAVED SHOULDER FROM SHAHPURA TO THANAGAZI OF NH-248A ON EPC MODE IN THE STAT,,,2025-02,2025-06,5
N24001868,Sagwara Bypass and Garhi- Partapur Bypass of NH-927A in the State of Rajasthan.,,,2025-02,2025-06,5
N24001869,UPGRADATION AND REHABILITATION TO TWO LANE WITH PAVED SHOULDER OF GHAGARIYA- MUNABAO SECTION FROM KM,,,2025-02,2025-04,3
N24001870,IMPROVEMENT TO TWO LANE WITH PAVED SHOULDERS OF NH 122B FROM KM 29.730 TO KM 72.348 IN STATE OF BIH,,,2025-02,2025-06,5
N24001875,WIDENING AND STRENTHENING FROM KM 70.15 TO KM 121.025 OF NH-80,,,2025-02,2025-06,5
N24001876,WIDENING and STRENTHENING FROM KM132.895 TO KM 190.15 NH-80,,,2025-02,2025-06,5
N24001877,CONSTRUCTION OF NEW 4-LANE BRIDGE (PARALLEL TO EXISTING VIKRAMASHILA SETU)FROM KM 8+920 TO KM 13+375,,,2025-02,2025-06,5
N24001878,IMPROVEMENT TO TWO LANE WITH PAVED SHOULDERS OF NH- 319A FROM KM 0 TO KM 45 IN STATE OF BIHAR UNDER,,,2025-02,2025-06,5
N24001879,CONSTRUCTION OF PROPOSED 4_LANE REVELGUNJ BYPASS NH- 19 IN THE STATE OF BIHAR ON EPC MODE CONNECTING,,,2025-02,2025-06,5
N24001880,REHABILITATION AND UP- GRADATION TO 4 LANE ROAD WITH PAVED SHOULDER CONFIGURATION OF SECTION FROM UND,,,2025-02,2025-06,5
N24001882,CONSTRUCTION OF NEW FOUR LANE BYPASS TO PARBHANI CITY (PARWA TO ASOLA) KM 463/265 TO KM 481/180,,,2025-02,2025-06,5
N24001883,CONSTRUCTION OF 4 LANE FLYOVER AT NAGPUR RTO CHOWK TO NAGPUR UNIVERSITY CAMPUS FROM CH 2/250 TO 5/10,,,2025-02,2025-06,5
N24001884,REHABILITATION AND UPGRADATION OF SATANA TO MANGRUL (CHANDWAD) SECTION OF NH752 G DESIGN CH: KM 64.0,,,2025-02,2025-06,5
N24001885,REHABILITATION AND UP- GRADATION OF JINTUR- SHIRAD SHAHAPUR SECTION KM 258.300 TO KM 306.300 [DESIGN,,,2025-02,2025-06,5
N24001886,DEVELOPMENT/WIDENING OF TALEGAON ? CHAKAN ? SHIKRAPUR ? NHAVARA SECTION OF NH 548DG,,,2025-02,2025-06,5
N24001887,REHABILITATION AND UPGRADATION OF BHOKARDAN TO KUMBHARI FATA DESIGN CH. (KM 13+500 TO 17+00) AND RAJ,,,2025-02,2025-05,4
N24001888,"UP-GRADATION OF TIRORA- GONDIA, STATE HIGHWAY FROM EXISTING KM 163+213 (ON SH- 335, TIRORA) TO KM 191+",,,2025-02,2025-05,4
N24001889,2 LANE + PS PIMPLNER TO SATANA -[DESIGN CHAINAGE KM 21.427 TO 64.00 ] OF NH-752G],,,2025-02,2025-05,4
N24001890,REHABILITATION AND UPGRADATION OF PARLI TO SIRSALA SECTION OF NH-361F (KM 136+700 TO 115+000),,,2025-02,2025-06,5
N24001891,BALANCE WORK OF REHABILITATION AND UP- GRADATION TO NH-166F FROM MAHAD JUNCTION,,,2025-02,2025-06,5
N24001892,REHABILITATION AND UPGRADATION OF SHIRAPUR JUNCTION TO SHIVAJI CHOWK,,,2025-02,2025-06,5
N24001894,2 LANE + PS ASTHAMODE - TIVATYAL [DESIGN CH. KM 24.300 - 62.00] [KM 134.98-172.95 OF NH- 63],,,2025-02,2025-05,4
N24001895,REHABILATION AND UPGRADATION TO TWO LANES WITH PAVED SHOULDER CONFIGURATION FROM WATUR TO CHARTHANA,,,2025-02,2025-05,4
N24001896,UPGRADATIOBN AND REHABILITATION OF SECTION OF NH 361 F FROM PARLI (00/000) TO GANGAKHED (30/400) TO,,,2025-02,2025-06,5
N24001897,REHABILITATION AND UPGRADATION TO 2 LANE WITH PAVED SHOULDER FROM EXISTING CHAINAGE KM 102 TO KM 13,,,2025-02,2025-06,5
N24001898,REHABILITATION AND UPGRADATION TO 2 LANE WITH PAVED SHOULDER FROM EXISTING CHAINAGE KM 30.000 TO K,,,2025-02,2025-06,5
N24001899,REHABILITATION AND UPGRADATION TO 2 LANE WITH PAVED SHOULDER FROM EXISTING CHAINAGE KM 134.95 TO KM,,,2025-02,2025-06,5
N24001900,REHABILITATION AND UPGRADATION TO 2 LANE WITH PAVED SHOULDER FROM EXISTING CHAINAGE KM 49.150 TO KM,,,2025-02,2025-06,5
N24001901,REHABILITATION AND UPGRADATION TO 2 LANE WITH PAVED SHOULDER FROM EXISTING CHAINAGE KM 64.535 TO K,,,2025-02,2025-06,5
N24001902,REHABILITATION AND UP- GRADATION OF SABALKHED TO ASHTI SECTION FROM KM 37+900 TO KM 55+100 AND CHINCH,,,2025-02,2025-06,5
N24001903,REHABILITATION AND UP- GRADATION OF MUDKHED TO NANDED SECTION FROM KM. 372+000 TO KM 388+400 OF NH 16,,,2025-02,2025-06,5
N24001904,KOPARGAON TO SAVALI VIHIR SECTION,,,2025-02,2025-06,5
N24001905,"CONSTRUCTION OF MAJOR BRIDGE ACROSS MANJRA RIVER NEAR YESGI VILLAGE @ KM, 166/500 ON NH 63 TQ BILOLI",,,2025-02,2025-05,4
N24001906,UP-GRADATION TO 4 LANING OF DAULTABAD T-POINT TO MALIWADA [FROM DESIGN KM.0.000 TO KM 4.000] AND UPG,,,2025-02,2025-06,5
N24001907,"CONSTRUCTION OF SIX LANE FLYOVER AT KATRAJ JUNCTION AT KM, 3/880 OF NH 548-DD",,,2025-02,2025-06,5
N24001908,UPGRADATION OF EXHISTING 2 LANE FLEXIBLE PAVEMENT TO 2 LANE PAVED SHOULDERS RIGID PAVEMENT FROM DESI,,,2025-02,2025-06,5
N24001909,"STRENGTHING AND WIDINING OF EXISTING CARRIAGEWAY TO 10 M IN KM, 156/160 TO 229/160",,,2025-02,2025-05,4
N24001910,REHABILITATION AND UPGRADATION OF JAMKHED TO SAUTADA SECTION OF NH548 D,,,2025-02,2025-06,5
N24001911,PANGAON TO DHARMAPURI AND PARALI TO INJEGAON 2L+PS,,,2025-02,2025-06,5
N24001912,PEREN-DIMAPUR PKG-3,,,2025-02,2025-06,5
N24001914,IMPROVEMENT AND WIDENING TO 2-LANE WITH EARTHEN PAVED SHOULDER FROM UDAIPUR TO SRIMANTAPUR,,,2025-02,2025-06,5
N24001915,IMPROVEMENT/CONSTRUCTION OF EXISTING CLASS-5 ROAD TO NH INTERMEDIATE LANE SPECIFICATION WITH HARD SH,,,2025-02,2025-06,5
N24001916,IMPROVEMENT/CONSTRUCTION OF EXISTING CLASS 5 ROAD TO NH INTERMEDIATE LANE SPECIFICATION WITH HARD SH,,,2025-02,2025-06,5
N24001917,UP GRADATION OF NH 930 SHERPAR TO KOHKA FROM KM 67.880 TO KM 114.860 TO TWO LANE WITH PAVED SHOULDER,,,2025-02,2025-06,5
N24001919,UP GRADATION OF NH 130C ABHANPUR TO PAUND FROM NK KM 0.000 TO KM. 40.380 TO TWO LANE WITH PAVED SHOU,,,2025-02,2025-06,5
N24001920,UPGRADATION OF NH 130A MUNGELI TO PONDI FROM NH KM. 51.600 TO KM. 77.870 KM. 80.970 TO 96.970 TO 2,,,2025-02,2025-06,5
N24001921,2- LANE WITH PAVED SHOULDERS OF HINOTIYA TO MEHULWA FROM DESIGN KM 27+000 9OF EXISTING SH-19 KM 26+5,,,2025-02,2025-06,5
N24001922,WIDENING TO 2-LANE WITH PAVED SHOULDER FROM KM 0.00 TO 44.00 (KURU-GHAGHRA SECTION) OF NH-143A INCLU,,,2025-02,2025-06,5
N24001923,WIDENING AND STRENGTHENING OF EXISTING PAVEEMNT TO TWO LANE WITH PAVED SHOULDERS FROM KM 116.00 TO K,,,2025-02,2025-06,5
N24001924,WIDENING AND STRENGTHENING TO TWO LANE WITH PAVED SHOULDER/TWO LANE+ PAVED SHOULDER WITH SERVICE ROA,,,2025-02,2025-06,5
N24001925,WIDENING AND STRENGTHENING/RECONSTRUC TION TO TWO LANE WITH PAVED SHOULDER/ TWO LANE WITH PAVED SHOUL,,,2025-02,2025-06,5
N24001926,CONSTRUCTION OF TWIN TUBE TUNNELS ON JAMMU KASHMIR RING ROAD (NH-244A) BETWEEN DESIGN CH. 50+600 TO,,,2025-02,2025-06,5
N24001927,UP-GRADATION TO 2 LANE WITH PAVED SHOULDER FROM CHARBHUJA AT DESIGN KM 0.00 (EXISTING KM 150.00) TO,,,2025-02,2025-06,5
N24001928,CONSTRUCTION OF 2 LANE WITH PAVED SHOULDER NORTHERN BYPASS PHASE-II OF KOTA CITY FROM DESIGN CHAINAG,,,2025-02,2025-06,5
N24001929,CONSTRUCTION OF 4-LANE GREEN FIELD HIGHWAY FROM KM. 35.000 TO KM. 49.155 OF NH- 731A WITH PAVED SHOUL,,,2025-02,2025-06,5
N24001931,4 LANING OF BATHALAPALLI TO MUDIGUBBA SECTION (DESIGN CHAINAGE KM. 96.300 TO 129.300) INCLUDING BATH,,,2025-02,2025-03,2
N24001932,2L+PS FROM KM. 0+000 TO KM. 32+000 (MUDIGUBBA TO PUTTAPARTHI) OF NH-342,,,2025-02,2025-06,5
N24001934,NH440 RAYACHOTY TOVEMPALLI 2LPS,,,2025-02,2025-06,5
N24001935,4 LANE WITH PAVED SHOULDER FROM KM 0.000 TO KM 51.119 OF TADIPATRI TO MUDDANUR OF NH67,,,2025-02,2025-06,5
N24001936,BALANCE WORK OF CONTSRUCTION OF TWO/FOUR LANE WITH PAVED SHOULDER FROM KM. 54.370 TO KM. 101.400,,,2025-02,2025-06,5
N24001937,BALANCE WORK OF REHABILITATION AND UPGRADING TO 2LANE/2LANE WITH PAVED SHOULDER CONFIGURATION AND ST,,,2025-02,2025-06,5
N24001938,"CONSTRUCTION OF ELEVATED CORRIDOR FROM KM. 135.650 TO 136.300 ON 63, FROM KM. 249 TO KM. 250.050 ON",,,2025-02,2025-06,5
N24001939,NH165 FROM KM 0.000 TO KM 64.020 PAMARRU TO AKIVEEDU SECTION TO TWO LANE WITH PAVED SHOULDERS,,,2025-02,2025-06,5
N24001940,WIDENING TO 2 LANE WITH PAVED SHOULDERS FROM DESIGN KM 103.200 (EXISTING KM 103.200) TO DESIGN KM 11,,,2025-02,2025-06,5
N24001941,WIDENING TO 4 LANE FROM KM. 133.00 TO 158.04 (DESIGN CHAINAGE KM. 130.88 TO 155.145),,,2025-02,2025-06,5
N24001942,2LPS FROM KM36.400 TO KM. 107.224 OF NH167BG FROM DUTTALUR TO KAVALI SECTION,,,2025-02,2025-06,5
N24001943,WIDENING TO TWO LANE WITH PAVED SHOULDERS FROM KM. 33.13 TO KM. 40.23 AND KM. 52.00 TO KM. 71.00,,,2025-02,2025-06,5
N24001944,WIDENING TO INTERMEDIATE/TWO LANE TO 2 LANE WITH PAVED SHOULDER FROM EXISTING CHANAGES KM 112.750 TO,,,2025-02,2025-06,5
N24001945,WIDENING TO 2 LANE WITH PAVED SHOULDERS FROM KM 116.800 TO 149.070(DESIGN CHANGES) ON HOSADURGA HOL,,,2025-02,2025-06,5
N24001946,"WIDENING TO 2 LANES WITH PAVED SHOULDERS FROM KM 24.400 TO 27.270, 40.500 TO 41.900, 84.300 TO 88.20",,,2025-02,2025-06,5
N24001947,WIDENING TO EXISTING 2 LANE WITH PAVED SHOULDER TO 4 LANE WITH PAVED SHOULDER FROM DESIGN KM 153.00,,,2025-02,2025-06,5
N24001948,WIDENING TO 4 LANE FROM KM 51.60 TO 76.20 (HEBRI TO PARKALA) AND FROM KM 85.20 TO 88.90,,,2025-02,2025-06,5
N24001949,NH167B FROM KM 99.103 CS PURAM TO KM 143.320 MALAKONDA TO 2LPS,,,2025-02,2025-03,2
N24001950,NH167B FROM KM.143.320 MALAKONDA TO 189.050 SINGARAYAKONDA ON NH 16 TO TWO LANE WITH PAVED SHOULDERS,,,2025-02,2025-03,2
N24001951,NH167AD FROM MACHERLA TO DACHEPALLI FROM KM.0.000 TO 43.659 TO 2LPS,,,2025-02,2025-06,5
N24001952,NH 167 B KADAPA NELLORE BORDER TO CSPURAM I.E. FROM KM 58.635 TO KM 99.409,,,2025-02,2025-06,5
N24001953,NH-30-BHADRACHALAM TO KONTA SECTION 2LPS,,,2025-02,2025-06,5
N24001954,WIDENING TO 2LPS OF RAMPACHODAVARAM - KOYYURU SECTION OF NH516E FROM KM.43.700 TO KM 113.820,,,2025-02,2025-06,5
N24001955,GUDIWADA TOWN 2 LANE ROB AND ROAD IMPROVEMENT OF NH165 IN REPLACEMENT OF LC NO 3ESPL3 AT KM 231.700,,,2025-02,2025-06,5
N24001956,2LPS FROM GONDIGUDA TO ARAKU BHALLAGUDA KM 27.480 TO KM 51.772 SECTION OF NH 516E,,,2025-02,2025-06,5
N24001957,2LPS OF KOYYURU TO CHAPRATHIPALEM SECTION OF NH 516E,,,2025-02,2025-06,5
N24001958,2LPS OF CHAPRATHIPALEM TO LAMBASINGI SECTION OF NH 516E,,,2025-02,2025-06,5
N24001959,4 LANE FROM KM 56.400 TO KM 120.300 FROM B.KOTHAPALLI JUNCTION TO GORANTLA OF NH 716G,,,2025-02,2025-06,5
N24001960,UP-GRADATION TO TWO LANE WITH PAVED SHOULDER CONFIGURATION OF NH-354 SECTION ARIFKES-FEROZEPUR- MUKTS,,,2025-02,2025-06,5
N24001961,WORK OF WIDENING/UPGRADATION OF 2- LANE WITH PAVED SHOULDER OF SRI MUKTSAR SAHIB TO MALOUT ROAD FROM,,,2025-02,2025-06,5
N24001962,"CONSTRUCTION OF MIHONA BYPASS, LAHAR BYPASS, DABOH BYPASS and BHANDER BYPASS (TOTAL LENGTH 20.60 KM)",,,2025-02,2025-06,5
N24001963,UPGRADATION OF NASRULLAGANI-REHTI-BUDHNI SCCTION TO 2-LANE WITH PAVED SHOULDER FROM KM 0+150 TO KM,,,2025-02,2025-06,5
N24001964,UPGRADATION and WIDENING OF JHARKHEDA- BERASIA - DHOLKHEDI FROM DESIGN KM 0+000 TO KM 87+900,,,2025-02,2025-06,5
N24001965,"REHABILITATION AND UPGRADATION OF KURWAI?MUNGAOLI?CHANDERI ROAD SECTION OF NH-346, FROM DESIGN CHAIN",,,2025-02,2025-06,5
N24001966,BALANCE WORK FOR REHABILITATION AND UP- GRADATION OF SIDHI- SINGRAULI FROM KM 82.400 TO KM 187.993 SEC,,,2025-02,2025-05,4
N24001967,4L GREENFIELD RUDHI TO DESHGAON (PKG V OF BETUL- KHANDWA/DESHGAON) - N/04015/06003/MP,,,2025-02,2025-06,5
N24001968,CONSTRUCTION OF STRR (WEST SIDE)-NH948A- BALAGONDAPALLI (TAMIL NADU) TO KARNATAKA/TAMIL NADU BORDER F,,,2025-02,2025-06,5
N24001969,WIDENING AND UPGRADATION TO TWO LANES WITH PAVED SHOULDERS ROAD FROM TAMENGLONG TO MAHUR (NH- 137) I,,,2025-02,2025-06,5
N24001970,WIDENING AND UPGRADATION TO TWO LANES WITH PAVED SHOULDERS ROAD FROM TAMENGLONG TO MAHUR (NH- 137) IN,,,2025-02,2025-06,5
N24001971,WIDENING AND UPGRADATION TO TWO LANES WITH PAVED SHOULDERS ROAD FROM TAMENGLONG TO MAHUR (NH- 137) IN,,,2025-02,2025-06,5
N24001972,WIDENING/IMPROVEMENT TO 4- LANE WITH PAVED SHOULDER FROM KM 0+800 (KANDULIJAN GAON) TO KM 27+701,,,2025-02,2025-06,5
N24001973,WIDENING/IMPROVEMENT TO 4- LANE WITH PAVED SHOULDER FROM KM 27+701 (SIMEN CHAPORI) TO KM 55+000,,,2025-02,2025-06,5
N24001974,CONSTRUCTION OF 2-LANING WITH HARD SHOULDER ROAD OF UKHRUL - TOLOI - TADUBI SECTION OF NH-102A FROM,,,2025-02,2025-06,5
N24001975,UP-GRADATION TO 2-LANE WITH PAVED SHOULDERS OF NGOPA - PAWLRANG SECTION OF NH 102B OF AIZAWL - IMPHA,,,2025-02,2025-06,5
N24001976,WIDENING TO 2 LANE WITH HARD SHOULDER OF AKEGWO- AVANGKHU SECTION OF NH- 202K FOR PACKAGE-I,,,2025-02,2025-06,5
N24001977,WIDENING TO 2 LANE WITH HARD SHOULDER OF AKEGWO- AVANGKHU SECTION OF NH- 202K FOR PACKAGE-II,,,2025-02,2025-06,5
N24001978,WIDENING TO 2 LANE WITH HARD SHOULDER OF AKEGWO- AVANGKHU SECTION OF NH- 202K FOR PACKAGE-III,,,2025-02,2025-06,5
N24001979,4L GREENFIELD ROAD CONNECTING NORTH AND SOUTH INDUSTRIAL CLUSTER OF KHANDALERU CREEK NEAR KRISHNAPAT,,,2025-02,2025-06,5
N24001980,4 LANING OF NH 544D FROM EXISTING KM 346.300 OF NH 44 (DESIGN CHAINAGE KM 0.000) TO KM 39.380,,,2025-02,2025-06,5
N24001981,CONSTRUCTION OF SIX LANING OF NAIDUPETA JUNCTION - TURPUKANUPUR SECTION FROM KM.57+046 TO KM.91+927,,,2025-02,2025-06,5
N24001982,4L PS FROM KURNOOL (EXISTING KM. 5.400 OF NH- 40/DESIGN KM.0.000) TO MANDLEM,,,2025-02,2025-06,5
N24001983,4 LANING FROM EXISTING KM 39.380 (DESIGN CH. 37.000) TO KM 74.450 (DESIGN CH. 69.000) OF MUCHUKOTA ?,,,2025-02,2025-06,5
N24001984,4L PS FROM MANDLEM (EXISTING KM. 38.000/DESIGN KM.30.600) TO ATMAKUR,,,2025-02,2025-06,5
N24001985,BANGALORE CHENNAI EXPRESSWAY (PHASE-II PKG-II) FROM KM.96.000 TO KM 127.000,,,2025-02,2025-06,5
N24001986,4L OF PILERU TO KALUR SECTION FROM KM 55.900 TO KM 92.800 AND KM 94.500 TO KM 95.717,,,2025-02,2025-06,5
N24001987,"CONSTRUCTION OF 1 NOS ROB, 2 NOS VUPS, SERVICE ROADS, PROVISION OF LIGHTING AND CONSTRUCTION OF OTHE",,,2025-02,2025-06,5
N24001988,6L OF CHITTOOR TO THATCHUR FROM KUMARAJAPET TO VEERA KAVERI RAJA PURAM FROM KM 43.800 TO KM 61.380 O,,,2025-02,2025-06,5
N24001989,FOUR LANING OF LEFT OVER WORKS OF HOSPET BELLARY KARNATAKA/ AP BORDER FROM KM.280.080 TO KM. 375.450,,,2025-02,2025-06,5
N24001990,4L POANTA SAHEB?MEDNIPUR FROM KM. 435.65 TO KM. 458.65 OF NH-07(PKG-1),,,2025-02,2025-06,5
N24001991,ACCESS ROAD/BRIDGE CONNECTIVITY FROM NH-09 AT KM.40 NEAR JAGBUDA BRIDGE (INDIA) TO BOUNDARY PILLAR,,,2025-02,2025-06,5
N24001992,BALANCE WORKS OF 4-LANNING OF RAMPUR-KATHGODAM SECTION OF NH-87 (NEW NH NO. 09) FROM KM. 0.000,,,2025-02,2025-06,5
N24001993,DEVELOPMENT OF 6 LANE ACCESS CONTROLLED GREENFIELD HIGHWAY FROM KM. 97.000 TO KM. 162.500 MARADGI S,,,2025-02,2025-06,5
N24001994,4/6L OF BANGALORE - PUNE SECTION OF BYPASS CONNECTING DHARWAD - HUBLI FROM KM. 403.80 TO KM. 433.20,,,2025-02,2025-06,5
N24001996,CONSTRUCTION OF TWO LANE WITH PAVED SHOULDER HIGHWAY FROM DESIGN CH.0.000 TO CH.49.2OO OF NH- 731B ON,,,2025-02,2025-06,5
N24001997,CONSTRUCTION OF SHOHRATGARH BYPASS ON NH- 730 UNDER EPC MODE IN THE STATE OF UTTAR PRADESH,,,2025-02,2025-06,5
N24001998,"CONSTRUCTION OF 4 LANE WITH PAVED SHOULDER FROM (DESIGN CH. 14+200 TO 24+400),",,,2025-02,2025-06,5
N24001999,CONSTRUCTION OF REALIGNMENT BETWEEN PANDRASS- PASHKYUN (TOTAL LENGTH 27.10 KM) ON ROAD ZOZILA-KARGIL,,ROAD TRANSPORT AND HIGHWAYS,2025-02,2025-06,5
N24002000,WIDENING AND STRENGTHENING OF EXISTING 2 LANE WITH PAVED SHOULDER TO 4 LANE WITH PAVED SHOULDER FRO,,,2025-02,2025-06,5
N24002001,WIDENING TO 2 LANE WITH PAVED SHOULDERS OF MEDAK - SIDDIPET SECTION FROM KM 0/0 TO KM 69/978 OF NH-,,,2025-02,2025-06,5
N24002002,WIDENING AND IMPROVEMENT OF EXISTING CARRIAGE WAY TO 2 LANE WITH PAVED SHOULDERS FROM KM. 86/160 TO,,,2025-02,2025-06,5
N24002003,REHABILITATION AND UP- GRADATION OF VALIGONDA TO THORRUR SECTION TO TWO LANE WITH PAVED SHOULDERS FRO,,,2025-02,2025-06,5
N24002004,REHABILITATION AND UPGRADATION OF LB-NAGAR TO MALKAPUR SECTION TO 6-LANE MAIN CARRIAGEWAY WITH SERVI,,,2025-02,2025-06,5
N24002005,WIDENING TO TWO LANE WITH PAVED SHOULDERS OF 'BODHAN BASAR BHAINSA ' SECTION FROM KM 38/900 TO 95/3,,,2025-02,2025-06,5
N24002006,"ONSTRUCTION OF 4-LANE FLYOVER AT AMBERPET-X ROAD, HYDERABAD ON NH-202 IN THE STATE OF TELANGANA",,,2025-02,2025-06,5
N24002007,WIDENING TO TWO LANE WITH PAVED SHOULDERS FROM KM 0/000 TO KM 79/300 OF KALWAKURTHY - KOLLAPUR SECTI,,,2025-02,2025-06,5
N24002008,WIDENING TO 2 LANE WITH PAVED SHOULDERS OF SIDDIPET-ELKATHURTHY SECTION FROM KM 69/978 TO KM 133/6,,,2025-02,2025-06,5
N24002009,WIDENING AND STRENGTHENING TO 2/4 LANE WITH PAVED SHOULDERS OF MAHABUBNAGAR ? CHINCHOLI SECTION FROM,,,2025-02,2025-06,5
N24002010,WIDENING AND STRENGTHENING TO 4 LANE / 2- LANE WITH PAVED SHOULDERS OF MAHABUBNAGAR-CHINCHOLI SECTION,,,2025-02,2025-06,5
N24002011,BALANCE WORK OF CONSTRUCTION OF TWO/FOUR LANE WITH PAVED SHOULDER FROM KM 422.000 TO 523.600,,,2025-02,2025-06,5
N24002012,WIDENING TO TWO LANE WITH PAVED SHOULDERS FROM KM 40.00 TO KM 75.00 (EXISTING CHAINAGES) OF MANGALOR,,,2025-02,2025-06,5
N24002013,CONSTRUCTION OF TWO LANE WITH PAVED SHOULDER FROM KM.0 TO KM. 80 ON NH 548B,,,2025-02,2025-06,5
N24002014,UPGRADATION AND STRENGTHENING TO 2 LANE PS FROM KM 95/500 TO KM 129/775 OF NH 168 G IDAR BHILODA SA,,,2025-02,2025-06,5
N24002015,IMPROVEMENT AND UPGRADATION TO TWO LANE WITH PAVED SHOULDER CONFIGURATION FROM EXISTING KM 90.00 TO,,,2025-02,2025-06,5
N24002016,CONSTRUCTION OF PRATAPGARH BYPASS (EXTENSION) CONNECTING NH- 31 TO NH-330,,,2025-02,2025-06,5
N24002017,DEVELOPMENT OF SIX LANE BASANWAHI-MARANGPURI OF NH 130 CD FROM KM.99+500 TO 124+661 UNDER RAIPUR VIS,,,2025-02,2025-06,5
N24002018,REHABILITATION AND UPGRADATION TO 2-LANE WITH PAVED SHOULDER CONFIGURATION OF JIRAPUR- SUSNER-MP-RJ B,,,2025-02,2025-06,5
N24002019,UPGRADATION OF DINDORI- SAGARTOLA-KABICHABUTRA (MP- CG BORDER) SECTION OF NH -45 FROM KM 0+00(DESIGN),,,2025-02,2025-06,5
N24002020,"CONSTRUCTION OF KAITHI- PADARIA KALA BYPASS, PATNA- TAMOLI BYPASS, JASO BYPASS , NAGOD BYPASS",,,2025-02,2025-06,5
N24002021,BILASIPURA-GUWAHATI ROAD PKG-8,,,2025-02,2025-06,5
N24002022,BILASIPURA-GUWAHATI ROAD PKG-9,,,2025-02,2025-06,5
N24002023,BILASIPURA-GUWAHATI ROAD PKG-10,,,2025-02,2025-06,5
N24002024,DABOKA BYPASS OF DABOKA - PAROKHAOWA PKG -1,,,2025-02,2025-06,5
N24002025,2 LANE WITH PAVED SHOULDER FROM KM 16+900 (BOGAPANI) TO KM 27+150 (GOLAI GAON) ON EXISTING DIBRUGARH,,,2025-02,2025-06,5
N24002026,2 LANE WITH PAVED SHOULDER FROM KM 27+150 (GOLAI GAON) TO KM 47+682 (LEDO) ON EXISTING DIBRUGARH TO,,,2025-02,2025-04,3
N24002027,KEIFANG - TUVAI PKG-3,,,2025-02,2025-06,5
N24002028,LMPHAL TO JIRIBAM PKG-7,,,2025-02,2025-06,5
N24002029,WIDENING TO FOUR LANE WITH PAVED SHOULDER FROM DESIGN KM.49.200 TO KM.89.285 OF NH-731B ON EPC MODE,,,2025-02,2025-06,5
N24002030,DEVELOPMENT OF EXTERNAL TRUNK CONNECTIVITY AND INTERNAL INFRASTRUCTURE WORKS AT MULTI MODEL LOGISTIC,,,2025-02,2025-06,5
N24002031,CONSTRUCTION OF TWO LANE WITH PAVED SHOULDER FROM EXISTING KM.0.000 TO KM.55.610,,,2025-02,2025-06,5
N24002032,CONSTRUCTION OF 4-LANE HIGHWAY WITH PAVED SHOULDERS FROM KM 49.155 TO KM 74.700 OF NH-731A ON HYBRID,,,2025-02,2025-06,5
N24002033,CONSTRUCTION OF 4 LANE ACCESS CONTROLLED HIGHWAY FROM CHILLAKURU CROSS ROAD TO TURPUKANUPUR KM 0+000,,,2025-02,2025-06,5
N24002034,UPGRADATION TO 4L PS DIVIDED CARRIAGEWAY FROM PATAN (NEAR RAJPUR) TO GOJARIYA FROM KM 52.000 TO KM 1,,,2025-02,2025-06,5
N24002035,WIDENING TO 6L OF EXISTING 4L JETPUR - GONDAL - RAJKOT SECTION FROM KM. 117.600 TO KM. 185.00 ON NH-,,,2025-02,2025-06,5
N24002036,DEVELOPMENT OF SIX-LANE ACCESS CONTROLLED HIGHWAY FROM GOGWAN JALALPUR (SHAMLI DISTRICT) TO RANIPUR,,,2025-02,2025-06,5
N24002037,UPGRADATION OF EXISTING 4 LANE ISMAILABAD-AMBALA SECTION (KM. 0+000 TO KM 42+500),,,2025-02,2025-06,5
N24002038,CONSTRUCTION OF 6-LANE GREENFIELD KARNAL RING ROAD STARTING FROM NH-44 NEAR VILLAGE SHAMGARH,,,2025-02,2025-06,5
N24002039,CONSTRUCTION OF 6-LANE GREENFIELD AMBALA RING ROAD STARTING FROM JUNCTION WITH SHAMLI- AMBALA SECTION,,,2025-02,2025-06,5
N24002040,DEVELOPMENT OF SIX-LANE ACCESS CONTROLLED HIGHWAY FROM RANIPUR BARSI (SAHARANPUR DISTRICT) TO ADHOYA,,,2025-02,2025-06,5
N24002041,DEVELOPMENT OF SIX-LANE ACCESS CONTROLLED HIGHWAY FROM ADHOYA MUSALMANA (AMBALA DISTRICT) TO SADOPUR,,,2025-02,2025-06,5
N24002042,CONSTRUCTION OF 4-LANING OF BHIWANI HANSI ROAD SECTION OF NH 148B (DESIGN LENGTH 42.934 KM) UNDER BH,,,2025-02,2025-06,5
N24002043,CONSTRUCTION OF 4-LANE GREENFIELD JALBEHRA - SHAHBAD SECTION OF NH ? 152G FROM KM 0+000 TO KM 22+850,,,2025-02,2025-06,5
N24002044,4L AMBALA - KALAAMB FROM KM. -0.800 TO KM. 33.015 OF OLD NH-72,,,2025-02,2025-06,5
N24002045,CONSTRUCTION OF 6 LANE DURG RAIPUR ARANG BYPASS PKG 1 SECTION OF NH 53 FROM CH 0.000 TO CH 44.50,,,2025-02,2025-06,5
N24002046,CONSTRUCTION OF 6 LANE DURG RAIPUR ARANG BYPASS PKG 2 SECTION OF NH 53 FROM CH 44+500 TO CH.92+230 I,,,2025-02,2025-06,5
N24002048,CONSTRUCTION OF GREENFIELD CONNECTIVITY TO JEWAR INTERNATIONAL AIRPORT FROM DND FARIDABAD BALLABHGAR,,,2025-02,2025-06,5
N24002049,PKG NAME: 4L OF KATHLIGHAT TO SHAKRAL VILLAGE FROM KM 128.835 TO KM 146.300 OF NH- 5,,,2025-02,2025-06,5
N24002050,REHABILITATION AND UPGRADATION TO 4L CONFIGURATION and STRENGTHENING OF SIHUNI TO RAJOL FROM KM 51.0,,,2025-02,2025-06,5
N24002051,CONSTRUCTION OF NEW 2 LANE WITH PAVED SHOULDER OF HAMIRPUR BYPASS (PACKAGE IVA) OF NH-88,,,2025-02,2025-06,5
N24002052,REHABILITATION AND UP- GRADATION OF EXISTING ROAD TO 2L PS FROM END OF HAMIRPUR BYPASS,,,2025-02,2025-06,5
N24002053,FOUR LANING OF KHAJURI TO WYNDHAMGANJ FROM KM 219.600 TO KM 260.483 ON NH-75 PKG SEC-V ON HAM,,,2025-02,2025-06,5
N24002054,FOUR LANING OF BHOGU TO SANKHA FROM KM 147.450 TO KM 196.870 ON NH-75 PKG SEC-III,,,2025-02,2025-06,5
N24002055,FOUR LANING OF BASUKINATH- DEOGHAR SECTION OF NH-114A FROM KM 85.081 TO KM 130.240 UNDER NHDP PHASE-I,,,2025-02,2025-06,5
N24002056,BHARATMALA PARIYOJANA OF BOKARO JAINA MORE - GOLA SECTION OF NH-320 FROM KM. 21.110 TO KM. 53.600 IN,,,2025-02,2025-06,5
N24002057,FOUR LANING OF MEHGAMA HANSDIHA SECTION OF NH-33 FROM EXISTING KM 41.900 TO 93.000 IN THE STATE OF J,,,2025-02,2025-06,5
N24002058,ADDITIONAL STRUCTURES ON 6LGURGAON-JAIPUR SECTION OF NH-48 BETWEEN KM 42.700 TO KM 273.00,,,2025-02,2025-06,5
N24002059,2L NH-1 FROM KM 8.660 TO KM 33.775 (SUMBAL TO WAYUL) TO 4L DUAL CARRIAGEWAY NH STANDARD AS PART OF S,,,2025-02,2025-06,5
N24002060,DELHI AMRITSAR KATRA EXPRESSWAY (PHASE-II PKG XVIII) DEVELOPMENT AND UPGRADATION OF FOUR LANE ACCESS,,,2025-02,2025-06,5
N24002061,4/6L ACCESS CONTROL EXPRESSWAY FROM DESIGN CHAINAGE KM 515.000 TO 528.300,,,2025-02,2025-06,5
N24002062,CONSTRUCTION OF 6- LANE BRIDGE AND ITS APPROACHES ACROSS RIVER GANGA AS PART OF PATNA RING ROAD,,,2025-02,2025-06,5
N24002063,BALANCE WORK - WB-10 (GANDAK BRIDGE) KM 402.00 TO KM 440.00 (DEVANPUR - KOTWA),,,2025-02,2025-06,5
N24002064,PERMANENT RECTIFICATION OF 3 NOS. OF BLACK SPOTS IN PROJECT HIGHWAY NH-27 OF U.P BORDER - DEWAPUR -,,,2025-02,2025-06,5
N24002065,4L GREENFIELD ALIGNMENT OF AMAS TO SHIVRAMPUR FROM 0.000 KM. TO 55.002 KM. OF NH 119 D (PKG-I),,,2025-02,2025-06,5
N24002066,4L GREENFIELD ALIGNMENT OF SHIVRAMPUR TO RAMNAGAR FROM KM. 55.002 TO KM. 109.300 OF NH 119 D,,,2025-02,2025-06,5
N24002067,BALANCE WORK OF 4L OF NAURADEHI SANCTUARY DE- SCOPED STRETCH OF HIRAN RIVER TO SINDOOR RIVER FROM KM.,,,2025-02,2025-06,5
N24002068,CONSTRUCTION OF 4-LANE FROM BARELA TO MANEGAON SECTION OF NH-30 FROM DESIGN CH. 2.900 TO DESIGN CH.,,,2025-02,2025-06,5
N24002069,CONSTRUCTION OF ADDITIONAL 3 LANE WITH PAVED SHOULDER (DESIGN LENGTH 8.87 KM) AS REALIGNMENT OF BAKA,,,2025-02,2025-06,5
N24002070,INDORE - EDLABAD (PKG-II) [TEJAJINAGAR TO BALWARA],,,2025-02,2025-06,5
N24002071,4L OF INDORA CHOWK TO PACHPAOLI AND AGRASEN CHOWK - ASHOKA CHOWK,,,2025-02,2025-06,5
N24002072,IMPROVEMENT OF EXISTING ALIGNMENT OF PANDHARPUR TOWN PART BYPASSED SECTION FROM WAKHARI TO LORD VITT,,,2025-02,2025-06,5
N24002073,GARHMUKTESHWAR (KM. 83.200 OF NH-24) TO MEERUT (KM. 9.860 OF NH-235) INCLUDING CONNECTOR TO NH-119,,,2025-02,2025-06,5
N24002074,WIDENING/DEVELOPMENT OF EXISTING NH-85 FROM KM 0.000 TO KM 124.636 SECTION TO 2L/@L+PS SECTION IN TH,,,2025-02,2025-06,5
N24002075,6L OF JODHPUR ROMANA (BATHINDA) - MANDI DABWALI (PUNJAB HARYANA BORDER) SECTION OF NH-54 FROM KM. 0.,,,2025-02,2025-06,5
N24002076,6L AMRITSAR-BATHINDA GREENFIELD SECTION FROM JN. WITH BHAGTA BHAI KA- BHADAUR ROAD NEAR DYALPURA BHAI,,,2025-02,2025-06,5
N24002077,CONSTRUCTION OF (I) 4-LANE HIGHWAY FROM VIDISHA TO HINOTIYA FROM KM. 0.000 TO KM. 27.000,,,2025-02,2025-06,5
N24002078,REHABILITATION AND UP GRADATION FROM 4 TO 8 LANING OF CHANDIKHOLE PARADIP SECTION OF NH 53 FROM KM.,,,2025-02,2025-06,5
N24002079,REHABILITATION AND UP GRADATION FROM 4 TO 8 LANING OF CHANDIKHOLE PARADIP SECTION OF NH 53 FROM KM,,,2025-02,2025-06,5
N24002080,REHABILITATION AND UP GRADATION FROM 4 TO 8 LANING OF CHANDIKHOLE PARADIP SECTION OF NH 53 FROM KM,,,2025-02,2025-06,5
N24002081,3L MAJOR BRIDGE OVER RIVER BRAHMANI AT KM. 401.250 (DUBURI CHANDIKHOLE SECTION) OF NH 200,,,2025-02,2025-06,5
N24002082,IMPROVEMENT OF GEOMETRICS OF THONDUPALLY TO KOTHUR FROM KM 22.300 TO KM 34.14 OF NH-44-RCW,,,2025-02,2025-06,5
N24002083,FOUR LANING OF KARIMNAGAR- WARANGAL SECTION OF NH-563 FROM DESIGN CH.48.860 KM NEAR SH-1 CH.170.400 K,,,2025-02,2025-06,5
N24002084,4L OF THIRUMANGALAM TO VADUGAPATTI SECTION FROM KM 0.000 TO KM 36.000 OF NH- 744,,,2025-02,2025-06,5
N24002085,WIDENING OF RAEBARELI TO PRAYAGRAJ SECTION FROM KM. 82.650 TO KM. 161.450 OF NH-30 AND LINK ROAD FRO,,,2025-02,2025-04,3
N24002086,CONSTRUCTION OF FOUR LANE HIGHWAY FORM GHAZIPUR BALLIA UP BIHAR STATE BORDER (GREENFIELD) SECTION OF,,,2025-02,2025-06,5
N24002087,CONSTRUCTION OF FOUR LANE HIGHWAY FROM GHAZIPUR BALLIA UP BIHAR STATE BORDER (GREENFIELD) SECTION OF,,,2025-02,2025-06,5
N24002088,CONSTRUCTION OF FOUR LANE HIGHWAY FROM GHAZIPUR BALLIA UP BIHAR STATE BORDER (GREENFIELD) SECTION OF,,,2025-02,2025-06,5
N24002089,CONSTRUCTION OF FOUR LANE HIGHWAY FROM GHAZIPUR BALLIA UP BIHAR STATE BORDER GREENFIELD SECTION OF N,,,2025-02,2025-06,5
N24002090,CONSTRUCTION OF FOUR-LANE ?WESTERN SIDE SPUR OF RAMPUR-RUDRAPUR SECTION CONNECTING NH-24 TO NH-87 BY,,,2025-02,2025-06,5
N24002091,6L ACCESS CONTROLLED LUDHIANA-BATHINDA GREENFIELD HIGHWAY FROM JN. WITH AMRITSAR-BATHANDA GREENFIELD,,,2025-02,2025-06,5
N24002092,6-LANE AMRITSAR-BATHINDA GREENFIELD SECTION OF NH- 754A FROM JUNCTION WITH MOGA JALANDHAR ROAD,,,2025-02,2025-06,5
N24002093,"IMPROVEMENT , UP-GRADATION OF NH-734 SECTION OF MORADABAD - THAKURDWARA - KASHIPUR: ?PACKAGE-I: MORA",,,2025-02,2025-06,5
N24002094,"IMPROVEMENT AND UP- GRADATION OF EXISTING ROAD TO 4L PS FROM KM 123.650 TO 175.080, FROM START OF SHA",,,2025-02,2025-06,5
N24002095,FOUR LANING OF SONAULI GORAKHPUR SECTION OF NH 29E (NEW NH 24) FROM DESIGN CH. 0.000 TO DESIGN CH. 7,,,2025-02,2025-06,5
N24002096,CONSTRUCTION OF 4 LANE GREEN FIELD NORTHERN EAST SIDE GORAKHPUR BYPASS (26.616 KMS) STARTING FROM NH,,,2025-02,2025-06,5
N24002097,STRENGTHENING OF EXISTING 4L AYODHYA BYPASS SECTION FROM DESIGN KM.121.600 TO KM. 144.020 OF NH 28,,,2025-02,2025-06,5
N24002098,6L OF AMBALA-CHANDIGARH GREENFIELD SECTION FROM KM. 0.000 TO KM. 25.000 WITH 4L SPUR TO LALRU FROM K,,,2025-02,2025-06,5
N24002100,4L OF EXISTING BEAS ? BABA BAKALA - DERA BABA NANAK SECTION FROM START OF BATALA BYPASS TILL INTERSE,,,2025-02,2025-06,5
N24002101,4L OF BEAS-MEHTA-BATALA- DERA BABA NANAK FROM INTERSECTION WITH JALANDHAR-AMRITSAR HIGHWAY (NH-3) NEA,,,2025-02,2025-06,5
N24002102,DELHI-AMRITSAR-KATRA EXPRESSWAY (PHASE-I SPUR-I) FROM JN. WITH KAPURTHALA - SULTANPUR LODHI ROAD,,,2025-02,2025-06,5
N24002103,COMPLETION OF BALANCE WORKS PENDING IN BIT AND PIECES (INCOMPLETE STRETCH AT 7 LOCATIONS) AND LISTED,,,2025-02,2025-06,5
N24002104,CONSTRUCTION OF RING ROAD AROUND KANPUR FROM KM.000 TO KM. 23.325,,,2025-02,2025-06,5
N24002105,CONSTRUCTION OF NEW 4 LANE PRAYAGRAJ SOUTHERN BYPASS (PHASE-I) FROM DESIGN KM 43+200,,,2025-02,2025-06,5
N24002106,CONSTRUCTION OF NEW 4 LANE PRAYAGRAJ SOUTHERN BYPASS FROM DESIGN KM 50.860,,,2025-02,2025-06,5
N24002107,CONSTRUCTION OF NEW DOUBLE TIER 4 LANE ELEVATED CORRIDOR FROM CHENNAI PORT TO MADURAVOYAL IN CHENNAI,,,2025-02,2025-06,5
N24002108,CONSTRUCTION OF NEW DOUBLE TIER 4L ELEVATED CORRIDOR FROM CHENNAI PORT TO MADURAVOYAL IN CHENNAI DIS,,,2025-02,2025-06,5
N24002109,CONSTRUCTION OF NEW DOUBLE TIER 4L ELEVATED CORRIDOR FROM CHENNAI PORT TO MADURAVOYAL IN CHENNAI DIS,,,2025-02,2025-06,5
N24002110,CONSTRUCTION OF NEW DOUBLE TIER 4L ELEVATED CORRIDOR FROM CHENNAI PORT TO MADURAVOYAL IN CHENNAI DIS,,,2025-02,2025-06,5
N24002111,FOUR LANING OF MUGAIYUR TO MARAKKANAM SECTION OF NH- 332A FROM KM 31.000 TO KM 62.000,,,2025-02,2025-06,5
N24002112,SIX LANING OF TUTICORIN PORT ROAD SECTION OF NH-7A (NEW NH-138) FROM KM 0.000 TO KM 6.140 [EFFECTIVE,,,2025-02,2025-06,5
N24002113,4L OF LEFT-OVER WORKS INCLUDING ADDITIONAL STRUCTURES FROM KERALA/TAMIL NADU BORDER TO KANYAKUMARI S,,,2025-02,2025-06,5
N24002114,4L OF VADUGAPATTI TO THERKUVENGANALLUR (RAJAPALYAM) SECTION FROM KM 36.000 TO KM 71.600 OF NH744 UND,,,2025-02,2025-06,5
N24002115,CONSTRUCTION OF MARIAHU BYPASS WITH FOUR LANE PAVED SHOULDER CONFIGURATION (KM.53.540 TO KM.59.200),,,2025-02,2025-06,5
N24002116,REHABILITATION AND UPGRADATION FROM KM 51.600 TO KM 75.700 OF NH-321G (NUHKHAS TO ETAH SECTION) TO T,,,2025-02,2025-06,5
N24002117,UPGRADATION OF DHORAJI JAMKANDORNA KALAVAD SECTION OF NH 927D FROM DESIGN CHAINAGE KM 00 TO KM 58.11,,,2025-02,2025-06,5
N24002118,UPGRADATION TO TWO LANE WITH PAVED SHULDER CONFIGUARATION FROM KM 00 TO 47 OF NH 351 MAHUVA TO BADHA,,,2025-02,2025-06,5
N24002119,REHABILITATION AND UPGRADATION TO 2 LANE WITH PAVED SHOULDER FROM DESIGN CHAINAGE KM 162.800 TO KM,,,2025-02,2025-06,5
N24002120,CONSTRUCTION OF JASRA BYPASS WITH FOUR LANE PAVED SHOULDER CONFIGURATION FROM KM. 379.670 ON NH-76,,,2025-02,2025-06,5
N24002121,IMPROVEMENT AND UP- GRADATION TO TWO LANE WITH PAVED SHOULDER CONFIGURATION FROM EXISTING KM. 420.00,,,2025-02,2025-06,5
N24002122,6L ACCESS CONTROLLED GREENFIELD HIGHWAY FROM NARAYANMPET (CH. 203+500) TO CHANDRASEKHARPURAM,,,2025-02,2025-06,5
N24002123,6L ACCESS CONTROLLED GREENFIELD HIGHWAY FROM CHANDRASEKHARAPURAM (CH. 228+000) TO POLAVARAM,,,2025-02,2025-06,5
N24002124,6L ACCESS CONTROLLED GREENFIELD HIGHWAY FROM POLAVARAM (CH. 260+000) TO MARRIPUDI (CH. 285+500) OF [,,,2025-02,2025-06,5
N24002125,6L ACCESS CONTROLLED GREENFIELD HIGHWAY FROM MARRIPUDI (CH. 285+500) TO SOMAVARAPPADU (CH. 314+600),,,2025-02,2025-06,5
N24002126,6L ACCESS CONTROLLED GREENFIELD HIGHWAY FROM SOMAVARAPPADU (CH.314.600) TO MUPPAVARAM (CH.343+240) O,,,2025-02,2025-06,5
N24002127,SILCHAR VAIRENGTE SAIRANG ROAD PKG-1,,,2025-02,2025-06,5
N24002128,SILCHAR VAIRENGTE SAIRANG ROAD PKG-2,,,2025-02,2025-06,5
N24002129,FOUR LANNING OF BADARPUR BYPASS FROM DESIGN CHAINAGE KM 27+300 AT CROSSING WITH NH-6,,,2025-02,2025-06,5
N24002130,TAMENGLONG- MAHUR ROAD PKG-7,,,2025-02,2025-06,5
N24002131,UKHRUL TOLOI TADUBI PKG-2,,,2025-02,2025-06,5
N24002132,4 LANE WITH PAVED SHOULDER AGARTALA BYPASS (WESTERN SIDE) CONNECTING NH-8,,,2025-02,2025-06,5
N24002133,IMPROVEMENT OF 2 LANE WITH PAVED SHOULDER OF STRETCH FROM BIKRAMGANJ DAWATH MELAYABAGH NAWANAGR -DUM,,,2025-02,2025-06,5
N24002134,REHABILITATION AND UP- GRADATION FROM KM. 0.000 TO KM. 40.390 OF NH-730S,,,2025-02,2025-06,5
N24002135,WIDENING AND STRENGTHENLNG TO 2L+PS FROM KM 0.000 TO 40.000 (DHAUGAON- PODAMARI SECTION) OF NH 326 I,,,2025-02,2025-06,5
N24002136,WIDENING AND STRENGTHENING TO 4L+PS/2L+PS FROM KM 0.000 TO 35.800 (KUAKHIA - MANGALPUR SECTION) OF N,,,2025-02,2025-06,5
N24002137,STRENGTHENING OF 6-LANE PIMPALGAON-NASHIK-GONDE (KM. 380 - KM. 440) SECTION OF NH-3 IN MAHARASHTRA U,,,2025-02,2025-05,4
N24002138,CONSTRUCTION OF FOUR LANE HIGHWAY WITH PAVED SHOULDER FROM KM.74.700 TO KM.112.950 OF NH-731A,,,2025-02,2025-06,5
N24002139,4-LANE WITH PAVED SHOULDERS FROM KM 32/0 TO KM 79/650 (DESIGN CHAINAGE KM 32+000 TO KM 78+760) PUTTA,,,2025-02,2025-06,5
N24002140,SOMAYAJULAPALLI ? DHONE SECTION OF NH ? 340B FROM KM.0/0 TO 56/200 [DESIGN CH. KM 0/00 TO KM 53/33],,,2025-02,2025-06,5
N24002141,2 LANE WITH PAVED SHOULDER CONFIGURATION FROM SEETHARAMAPURAM TO DUTTALURU SECTION OF NH-167 BG FROM,,,2025-02,2025-03,2
N24002142,2-LANE WITH PAVED SHOULDER CONFIGURATION OF LAMBASINGI TO PADERU SECTION (KM 205+000 TO KM 253+974),,,2025-02,2025-06,5
N24002143,BYPASS ROAD TO ADONI TOWN CONNECTING NH-167 (HAGARI - JADCHARLA ROAD) FROM KM.62/700 TO 71/400 IN KU,,,2025-02,2025-06,5
N24002144,VODAREVU-CHILAKALURIPET SECTION (DESIGN CHAINAGE 0+00 TO 47+000) OF NH-167A (PACKAGE-I),,,2025-02,2025-06,5
N24002145,TADIPATRI BYPASS (KM 0+000 TO KM 6+285) OF 4-LANE ON NH- 67 IN ANANTAPURAMU,,,2025-02,2025-06,5
N24002146,KURNOOL/KADAPA BORDER- JAMMALAMADUGU SECTION OF NH-167K I.E. DESIGN CH. KM 248+010 TO KM 269+900,,,2025-02,2025-06,5
N24002147,DORNALA TO KUNTA JUNCTION FROM DESIGN CHAINAGE KM 244+000 TO 267+990 SECTION OF NH-765 (PACKAGE-2),,,2025-02,2025-06,5
N24002148,PADERU BYPASS (KM 0+000 TO KM 13+000) OF 2- LANE WITH PAVED SHOULDER ON NH-516E,,,2025-02,2025-06,5
N24002149,DAVUALAPALLY TO MALLAPALEM SECTION {DESIGN CH. KM 133+922 TO KM 154+216,,,2025-02,2025-06,5
N24002150,CONSTRUCTION OF BALRAMPUR BYPASS WITH 2L FLEXIBLE PAVEMENT CONFIGURATION FROM KM.223.000 OF NH-330 T,,,2025-02,2025-06,5
N24002151,WIDENING TO 4L/4L+PS AND STRENGTHENING IN SELECTED STRETCHES FROM KM 0/8 TO 50/570 OF NH 532 INCLUD,,,2025-02,2025-06,5
N24002152,WIDENING FROM 2L+PS TO 4L/4L+PS AND IMPROVEMENTS THE SELECTED STRETHCES FROM KM 26/5 - 81/2 INCLU,,,2025-02,2025-06,5
N24002153,"STRENGTHENING OF 2L+PS FROM KM 17/8 ? 18/2, CONSTRUCTION OF 2L+PS FROM KM 18/2 TO KM 20/0 AND CONSTR",,,2025-02,2025-06,5
N24002154,CONSTRUCTION OF 4-LANE PANCHGRAM BYPASS FROM DESIGN CHAINAGE KM 15+500 ON NH-37 (OLD NH-53) AT KALIN,,,2025-02,2025-06,5
N24002155,WIDENING/IMPROVEMENT TO 4- LANE WITH PAVED SHOULDER FROM KM 55+000 (NAGABANG GAMSUK) TO KM 82+514,,,2025-02,2025-06,5
N24002156,CONSTRUCTION OF 2-LANE WITH PAVED SHOULDER OF SHILLONG WESTERN BYPASS STARTING FROM NH-06 NEAR LADUM,,,2025-02,2025-06,5
N24002157,SHILLONG WESTERN BYPASS PACKAGE-2,,,2025-02,2025-06,5
N24002158,CONSTRUCTION OF 2-LANE WITH PAVED SHOULDERS OF SHILLONG WESTERN BYPASS STARTING FROM NH-06 NEAR LADU,,,2025-02,2025-06,5
N24002159,REHABILITATION AND UP- GRADATION OF ROAD FROM DESIGN KM 25.250 TO KM 36.460 (TOTAL LENGH: 11.210 KM),,,2025-02,2025-06,5
N24002160,IMPROVEMENT AND WIDENING TO 2-LANE WITH PAVED SHOULDER OF ROAD FROM KM 101.300 TO KM 127.319,,,2025-02,2025-06,5
N24002161,KHOWAI ?TELIAMURA-AMARPUR- HARINA-SABROOM PACKAGE-2,,,2025-02,2025-06,5
N24002162,KHOWAI ?TELIAMURA-AMARPUR- HARINA-SABROOM PACKAGE-3,,,2025-02,2025-06,5
N24002163,CONSTRUCTION FOR MITIGATION MEASURES KM 368.00-UTTARAKHAND-TO KM 433.00 ON NH-07-PKG-1,,,2025-02,2025-06,5
N24002164,CONSTRUCTION FOR MITIGATION MEASURES KM 450.00-UTTARAKHAND-TO KM 468.00 ON NH-07-PKG-3,,,2025-02,2025-06,5
N24002165,CONSTRUCTION OF BYPASS TO MADURAI - ACHAMBATHU - VIRATIPATHU IN KM 6/850 - 10/382 OF NH 49 EXTN.,,,2025-02,2025-06,5
N24002166,FOUR LANING OF RAGHOGARH (DESIGN CH.29.300/EXISTING CH. 29.555) TO NANASA,,,2025-02,2025-06,5
N24002167,UPGRADATION TO 2 LANE WITH PAVED SHOULDER OF HANUMANGARH TO KENCHIYAN OF NH 54 ON EPC MODE IN THE ST,,,2025-02,2025-06,5
N24002168,UPGRADATION TO 2 LANE WITH PAVED SHOULDER FROM NEECHLI ODEN (NATHDWARA) AT DESIGN KM 88.800 TO BHATE,,,2025-02,2025-06,5
N24002169,REHABILITATION/UPGRADATION OF EXISTING HIGHWAY TO 2L+PS/4 LANE OF DHAWALI TO RAJOLI FROM DESIGN KM.1,,,2025-02,2025-06,5
N24002170,REHABILITATION/ UPGRADATION OF EXISTING HIGHWAY TO FOUR LANE STANDARDS IN KURKHEDA TOWN FROM,,,2025-02,2025-06,5
N24002171,REHABILITATION & UP- GRADATION FOR TALERE A?? GAGANBAWDAA?? KOLHAPUR ROAD (NH-166G) STRETCHES START F,,,2025-02,2025-06,5
N24002172,"UP-GRADATION TO 4 LANE CONFIGURATION FOR THE WORK OF PETH NAKA TO SANGLI ROAD, NH-166H, FROM KM 0+00",,,2025-02,2025-06,5
N24002173,REHABILITATION AND UP- GRADATION TO 2 LANE WITH PAVED SHOULDER CONFIGURATION OF MAHUD SANGOLA ROAD NH,,,2025-02,2025-06,5
N24002174,UP-GRADATION TO FOUR LANE/ TWO LANE WITH PAVED SHOULDERS CONFIGURATION OF KALYAN - MURBAD - MALSHEJ,,,2025-02,2025-06,5
N24002175,CONSTRUCTION OF FOUR-LANE CONCRETE ROAD FROM POLICE HEADQUARTER GONDIA CITY TO RAWANWADI VILLAGE,,,2025-02,2025-06,5
N24002176,REHABILITATION/UP GRADATION OF KARANJA ? KHERDA - MURTIZAPUR SECTION TO 4LANE+PAVED SHOULDER STANDA,,,2025-02,2025-06,5
N24002177,REHABILITATION / UPGRADATION TO 4 LANE WITH PAVED SHOULDER OF EXISTING SECTION IN SILLOD TOWN WITH D,,,2025-02,2025-06,5
N24002178,"REHABILITATION, UPGRADATION & WIDENING OF EXISTING HIGHWAY TO RIGID PAVEMENT 2 LANE WITH PAVED SHOUL",,,2025-02,2025-06,5
N24002179,CONSTRUCTION OF 4 LANE WITH PAVED SHOULDER (PATTAN BYPASS) GREENFIELD BYPASS FROM EXISTING CH. KM 24,,,2025-02,2025-06,5
N24002180,REHABILITATION AND UPGRADATION TO 2 LANE WITH PAVED SHOULDER FROM EXISTING CHAINAGE KM 166.100 TO KM,,,2025-02,2025-06,5
N24002181,CONSTRUCTION OF SIX LANE ELEVATED CORRIDOR FROM KM. 508.000 TO KM. 513.150 INCLUDING APPROACHES ON N,,ROAD TRANSPORT AND HIGHWAYS,2025-02,2025-06,5
N24002182,WORK OF DEVELOPMENT AND CONSTRUCTION OF ELEVATED CORRIDORFROM KM 38/660 TO KM 42/690,,,2025-02,2025-06,5
N24002183,WIDENING 2 LANE TO 4-LANE FROM KM 92/320 TO KM 115/320,,,2025-02,2025-06,5
N24002184,CONSTRUCTION OR 4 LANE RANIGANJ BYPASS OF LENGTH 5 261 KM ON NH 60 NEW NH 14 FROM KM 273 00 OF NH,,,2025-02,2025-06,5
N24002185,CONSTRUCTION OF 2 LANE WITH PAVED SHOULDERS (BARAMULLA BYPASS) GREENFIELD BYPASS FROM EXISTING CH. K,,,2025-02,2025-06,5
N24002186,WIDENING TO 2 LANE WITH PAVED SHOULDERS FROM DESIGN KM 103.200 (EXISTING KM 103.200) TO DESIGN KM 11,,,2025-02,2025-06,5
N24002187,CONSTRUCTION OF 2 LANE WITH PAVED SHOULDER FROM KM 55.6 TO KM 90.7 (EXISTING CHAINAGES) OF NH-766C,,,2025-02,2025-06,5
N24002188,WIDENING TO 2L+PS FROM KM 71.00 TO 104.00 (EXISTING CHAINAGES) (SARJAPUR TO PATTADKALLU) ON BHANAPUR,,,2025-02,2025-06,5
N24002189,WIDENING TO TWO LANE WITH PAVED SHOULDERS FROM KM 0.00 (DESIGN CHAINAGE 0.00) TO KM 23.338,,,2025-02,2025-06,5
N24002190,CONSTRUCTION OF 4-LANE ACCESS CONTROLLED GREENFIELD HIGHWAY SECTION ON NH-163G (KHAMMAM- VIJAYAWADA),,,2025-02,2025-06,5
N24002191,CONSTRUCTION OF ROB AND ITS APPROACHES IN LIEU OF LEVEL CROSSING NO 10 B T AT KM 307 050 OF NH 60 B,,,2025-02,2025-06,5
N24002192,REHABILITATION AND UP- GRADATION TO 4L CONFIGURATION AND STRENGTHENING OF THANPURI TO PAROR SECTION F,,,2025-02,2025-06,5
N24002193,CONSTRUCTION OF 4 LANE ROB AND ITS APPROACHES AT THE LEVEL OF CROSSING (L C NO. 29- B) OF KM 29,,,2025-02,2025-06,5
N24002194,CONSTRUCTION OF 6-LANE ELEVATED / EXTRA DOSE CABLE BRIDGE ON RIVER GANGA PARALLEL TO AND WESTERN SID,,,2025-02,2025-06,5
N24002195,ESTIMATE FOR IMPROVEMENT TO TWO LANE WITH PAVED SHOULDER FROM RAMNAGAR TO ROSEDA FROM,,,2025-02,2025-06,5
N24002196,CONSTRUCTION OF BHABHUA BYPASS FROM CH. 10+800(DESIGN CH. 10+800) TO CH. 19+860 (DESIGN CH. 18+150),,,2025-02,2025-06,5
N24002197,IMPROVEMENT TO TWO LANE WITH PAVED SHOULDER FROM JUNCTION OF NH-22 NEAR HAJIPUR TO JUNCTION OF NH-12,,,2025-02,2025-06,5
N24002198,IMPROVEMENT TO TWO LANE WITH PAVED SHOULDERS OF BH/WBBORDER-AMDABAD- MANIHARI SECTION FROM DESIGN KM,,,2025-02,2025-06,5
N24002199,WIDENING TO 4L RIGID PAVEMENT CONFIGURATION FROM KM 90.00 TO KM 100.800 OF NH-96,,,2025-02,2025-06,5
N24002200,BALANCE WORKS OF 4 LANE DIVIDED CARRIAGEWAY OF MISSING LINK SECTION OF NH- 39 (REWA BYPASS) FROM JUNC,,,2025-02,2025-06,5
N24002201,IMPROVEMENT AND UP- GRADATION TO TWO LANE WITH PAVED SHOULDER/FOUR LANE CONFIGURATION FROM EXISTING K,,,2025-02,2025-06,5
N24002202,MARREM KHULLEN TO JESSAMI SECTION IMPHAL- UKHRUL - JESSAMI PKG-6,,,2025-02,2025-06,5
N24002203,IMPHAL-KOHIMA ROAD PKG-4B,,,2025-02,2025-06,5
N24002204,ZORINPUI- HMAWNGBU- LONGMASU (NH-502A),,,2025-02,2025-06,5
N24002205,CHAMPAK NAGAR TO KHAYERPUR SECTION (DESIGN KM 242+500 TO KM 261+610),,,2025-02,2025-06,5
N24002206,CONSTRUCTION FOR MITIGATION MEASURES PKG-2,,,2025-02,2025-06,5
N24002207,MAJOR BRIDGE OVER MIDDLE STRAIT CREEK,,,2025-02,2025-06,5
N24002208,PACKAGE-3A,,,2025-02,2025-06,5
N24002209,PACKAGE-3B,,,2025-02,2025-06,5
N24002210,WIDENING AND STRENGTHENING OF RAFIABAD- KUPWARA-CHOWKIBAL- TANGDHAR-CHAMKOT (NH-701) ROAD FROM DESIGN,,,2025-02,2025-06,5
N24002211,REHABILITATION AND UPGRADATION TO FOUR LANE ROAD FROM KM 70.500 TO KM 78.600 OF NH-92 UNDER EPC MODE,,,2025-02,2025-06,5
N24002212,WIDENING AND STRENGTHENING FROM DESIGN KM. 67.280 TO KM. 88.622 OF NH- 727A (SALEMPUR-MAIRWA ROAD) TO,,,2025-02,2025-06,5
N24002213,REHABILITATION and UP- GRADATION TO 2L+PS FROM KM. 0.0 TO KM. 7.80 AND KM. 35.400 TO KM. 52.345,,,2025-02,2025-06,5
N24002214,CONSTRUCTION OF AMETHI BYPASS (PART-II) AT KM.30.050 OF NH-931 UNDER EPC MODE IN THE STATE OF UTTAR,,,2025-02,2025-06,5
N24002215,DEVELOPMENT OF SIX LANE ACCESS CONTROLLED GREEN FIELD HIGHWAY FROM KAVULAKUNTLA (KM.196+000) TO NARA,,,2025-02,2025-06,5
N24002216,ACCESS CONTROLLED HIGHWAY OF 4 LANE WITH PAVED SHOULDERS FROM TIRUVALLUR (DESIGN CHAINAGE KM 17+56),,,2025-03,2025-06,4
N24002217,ACCESS CONTROLLED HIGHWAY OF 4 LANE WITH PAVED SHOULDERS FROM TN/AP BORDER,,,2025-03,2025-06,4
N24002219,REHABILITATION AND UP GRADATION FROM 4 TO 8 LANING OF CHANDIKHOLE ? PARADIP SECTION OF NH-53,,,2025-03,2025-06,4
N24002220,PERMANENT RECTIFICATION OF 4 NOS. OF BLACKSPOTS ON NH 27 OF KOTWA MEHSI MUZAFFARPUR SECTION FROM,,,2025-03,2025-06,4
N24002221,4L OF GREENFIELD ALIGNMENT FROM KM. 47.000 TO KM. 89.210 OF BALBHADARPUR TO BELA NAWDA SECTION OF NH,,,2025-03,2025-06,4
N24002222,HUNLI TO HAYULIANG PKG-1,,,2025-03,2025-06,4
N24002223,HUNLI TO ITHUN BRIDGE SECTION,,,2025-03,2025-06,4
N24002224,PANGO TO JORGING ROAD PKG- 1,,,2025-03,2025-06,4
N24002225,BILASIPURA- GUWAHATI ROAD PKG-1,,,2025-03,2025-06,4
N24002226,SILCHAR-JIRIBAM PKG-1,,,2025-03,2025-06,4
N24002227,JESSAMI TO LAYNEN BRIDGE UKHRUL - JESSAMI PKG-7,,,2025-03,2025-06,4
N24002228,KHOWAI ?TELIAMURA-AMARPUR- HARINA-SABROOM SECTION PKG- 4,,,2025-03,2025-06,4
N24002229,BILASIPURA- GUWAHATI ROAD PKG-2,,,2025-04,2025-06,3
N24002230,BADARPUR ? CHURAIBARI PKG- 6,,,2025-04,2025-06,3
N24002231,KARIMGANI - SUTARKANDI SECTION ON SILCHAR- CHURAIBARI PKG-7,,,2025-04,2025-06,3
N24002232,IMPHAL-KOHIMA ROAD PKG-5A,,,2025-04,2025-06,3
N24002233,DAINADUBI-DARUGIRI PKG-1B,,,2025-04,2025-06,3
N24002234,WIDENING TO 4L FROM KM.108.50 TO 139.00 OF NH-135A PKG-II (JAUNPUR TO AKBARPUR SECTION) ON HAM IN TH,,,2025-04,2025-06,3
N24002235,CONSTRUCTION OF RAEBARELI RING ROAD (PHASE-2) WITH FOUR LANE CONFIGURATION FOR RAEBARELI CITY IN THE,,,2025-04,2025-06,3
N24002236,CONSTRUCTION OF 4-LANE ACCESS CONTROLLED GREENFIELD HIGHWAY SECTION ON NH-163G,,,2025-04,2025-06,3
N24002237,CONSTRUCTION OF 4 LANE GAURIPUR BYPASS ON NH-17 IN THE STATE OF ASSAM,,,2025-05,2025-06,2
N24002238,CONSTRUCTION OF 2 LANE BARPETA BYPASS FROM KM 77+900(BARADI) TO KM 86+150( DEURIKUCHI),,,2025-05,2025-06,2
N24002239,IMPROVEMENT AND WIDENING TWO LANNIG WITH PAVED SHOULDER OF NATIONAL HIGHWAY 127B FROM KM 31.500,,,2025-05,2025-06,2
N24002240,"IMPROVEMENT AND UP-GRADATION OF NH- 227B (84 KOSI PARIKRAMA MARG) PACKAGE ?I, FROM KM 228.920",,,2025-05,2025-06,2
N24002241,"IMPROVEMENT AND UP-GRADATION OF NH- 227B (84 KOSI PARIKRAMA MARG) PACKAGE ?III, FROM KM.47.800",,,2025-05,2025-06,2
N24002242,CHOITHAR TO MARREM KHULLEN SECTION IMPHAL- UKHRUL - JESSAMI PKG-5,,,2025-05,2025-06,2
N24002243,SILCHAR- CHURAIBARI PKG-5,,,2025-05,2025-06,2
N24002244,IMPHAL - KHONGSANG - JIRIBAM PKG-2,,,2025-05,2025-06,2
N24002245,CONSTRUCTION OF BASTI RING ROAD (PHASE-I) WITH 4L CONFIGURATION FOR BASTI CITY IN THE STATE OF UTTAR,,,2025-06,2025-06,1
N25000072,JAL MARG VIKAS PROJECT,,SHIPPING AND PORTS,2025-02,2025-06,5
N26000114,PHASE-I OF CONSOLIDATION OF EXISTING CDR DATA CENTERS AND NIB-P3 DATA CENTERS WITH STATE OF THE ART,,,2025-02,2025-06,5
N26000115,SUPER EDGE ROUTERS FOR BSNL INTERNET PROTOCOL - MULTI PROTOCOL LEBEL SWITCHING (IPMPLS) NETWORK and,,,2025-02,2025-06,5
N26000116,MPLS-IP BASED ACCESS AND AGGREGATION NETWORK (MAAN) IN BSNL ALONG WITH TEST AND MEASURING EQUIPMENT,,,2025-02,2025-06,5
N26000117,PLANNIN ENGINEERING SUPPLY INSTALLATION TESTING COMMISSIONING INTEGARTION and ANNUAL MAINTENANCE OF,,,2025-02,2025-06,5
N26000118,OPTICAL TRANSPORT NETWORK (OTN) PH-4 IN BSNL,,,2025-02,2025-06,5
N28000056,DELHI MRTS PHASE-III,,,2025-02,2025-06,5
N28000058,BANGALORE METRO RAIL PROJECT PHASE-2,,URBAN DEVELOPMENT,2025-02,2025-06,5
N28000067,2000 BOYS HOSTEL(1000 DOUBLE BEDDED ROOM) AT ISM DHANBAD,,DEPARTMENT OF HIGHER EDUCATION,2025-02,2025-06,5
N28000071,ESTABLISHMENT OF CENTRAL ARMED POLICE FORCE INSTITUTE OF MEDICAL SCIENCES(CAPFIMS) AT NEW DELHI,,HOME AFFAIRS,2025-02,2025-06,5
N28000086,MUMBAI METRO LINE 3 (COLABA- BANDRA-SEEPZ),,URBAN DEVELOPMENT,2025-02,2025-06,5
N28000098,ESTABLISHMENT OF NATIONAL ANIMAL RESOURCE FACILITY FOR BIOMEDICAL RESEARCH AT HYDERABAD,,HEALTH AND FAMILY WELFARE,2025-02,2025-06,5
N28000100,CONSTRUCTION OF ACADEMIC AND RESIDENTIAL COMPLEX UNDER PHASE-II FOR THE CAMPUS OF IIT PATNA,,DEPARTMENT OF HIGHER EDUCATION,2025-02,2025-06,5
N28000104,NSG AT KOLKATA,,HOME AFFAIRS,2025-02,2025-04,3
N28000105,REDEVELOPMENT OF GPRA COLONY AT NAUROJI NAGAR,,,2025-02,2025-06,5
N28000109,CONSTRUCTION OF 726 Nos RESIDENTIAL QUARTERS CHENNAI,,FINANCE,2025-02,2025-06,5
N28000112,C/O NEW HOSPITAL BLOCK FOR SREE CHITRA TIRUNAL INSTITIUTE OF MEDICAL SCIENCE AND TECHNOLOGY,,HEALTH AND FAMILY WELFARE,2025-02,2025-04,3
N28000115,SETTING UP PHYSICAL INFRASTRUCTURE FOR THE NATIONAL INSTITUTE OF COMMUNICATION FINANCE(NICF) AT GHIT,,TELECOMMUNI CATIONS,2025-02,2025-06,5
N28000117,"CONSTRUCTION OF IITB RESEARCH PARK AT IIT BOMBAY, POWAI, MUMBAI",,DEPARTMENT OF HIGHER EDUCATION,2025-02,2025-06,5
N28000121,PUNE METRO RAIL PROJECT (PHASE 1),,,2025-02,2025-05,4
N28000122,AHMEDABAD METRO RAIL PROJECT PHASE 1,,,2025-02,2025-06,5
N28000124,BHOPAL METRO RAIL,,URBAN DEVELOPMENT,2025-02,2025-06,5
N28000125,INDORE METRO RAIL,,,2025-02,2025-06,5
N28000126,INDIAN INSTITUTE OF SCIENCE EDUCATION AND RESEARCH BERHAMPUR,,DEPARTMENT OF HIGHER EDUCATION,2025-02,2025-06,5
N28000128,REDEVELOPMENT OF GENERAL POOL RESIDENTIAL COLONY AT SRINIWASPURI NEW DELHI PHASE-I,,,2025-02,2025-06,5
N28000129,REDEVELOPMENT OF GPRA AT KASTURBA NAGAR PHASE I,,,2025-02,2025-06,5
N28000130,CONSTRUCTION OF PERMANENT CAMPUS OF IIM JAMMU (PHASE 1),,DEPARTMENT OF HIGHER EDUCATION,2025-02,2025-06,5
N28000131,CONSTRUCTION OF PERMANENT CAMPUS IIT JAMMU (PHASE 1C),,,2025-02,2025-06,5
N28000134,DELHI GHAZIABAD MEERUT RRTS CORRIDOR,,URBAN DEVELOPMENT,2025-02,2025-06,5
N28000135,DELHI METRO PHASE IV THREE PRIORITY CORRIDORS,,,2025-02,2025-06,5
N28000137,AHMEDABAD METRO RAIL PROJECT PHASE II,,,2025-02,2025-06,5
N28000138,SURAT METRO RAIL PROJECT,,,2025-02,2025-06,5
N28000140,"C/O PERMANENT CAMPUS OF IIT PALAKKAD PHASE IA AT PUDESSERY VILLAGE,KANJIKODE WEST, DISTRICT PALAKKA",,DEPARTMENT OF HIGHER EDUCATION,2025-02,2025-06,5
N28000141,"C/O PERMANENT CAMPUS OF IIT BHILAI AT KUTHELABHATA, DURG CHHATTISGARH, STAGE I PHASE I.",,DEPARTMENT OF HIGHER EDUCATION,2025-02,2025-06,5
N28000142,"CONSTRUCTION OF PERMANENT CAMPUS OF INDIAN INSTITUTE OF MANAGEMENT (IIM) AMRITSAR, PUNJAB.",,DEPARTMENT OF HIGHER EDUCATION,2025-02,2025-06,5
N28000144,KANPUR METRO RAIL PROJECT,,URBAN DEVELOPMENT,2025-02,2025-06,5
N28000145,AGRA METRO RAIL PROJECT,,,2025-02,2025-06,5
N28000146,CONSTRUCTION OF TWO NOS GIRLS HOSTELS AND ONE NO BOYS HOSTEL OF 500 CAPACITY EACH G PLUS 8 STOREYED,,DEPARTMENT OF HIGHER EDUCATION,2025-02,2025-06,5
N28000147,"C/o separate family accommodation (Phase-I) on EPC basis for SSB at Faridabad (Haryana)""",,HOME AFFAIRS,2025-02,2025-06,5
N28000148,PATNA METRO RAIL CORPORATION LIMITED,,URBAN DEVELOPMENT,2025-02,2025-06,5
N28000149,CONSTRUCTION729 QUARTERS,,URBAN DEVELOPMENT,2025-02,2025-06,5
N28000150,C/O AIIMS AT AWANTIPORA (KASHMIR) JAMMU AND KASHMIR,,,2025-02,2025-06,5
N28000151,BANGALORE METRO RAIL PROJECT LIMITED. PHASE. 2A AND 2B,,,2025-02,2025-06,5
N28000153,"CONSTRUCTION OF 184 MULTI STORIED FLATS FOR HON'BLE MPS AT BKS MARG, NEW DELHI",,,2025-02,2025-06,5
N28000154,CONSTRUCTION OF PERMANENT CAMPUS OF CENTRAL UNIVERSITY OF HIMACHAL PRADESH AT DEHRA AND JADRANGAL,,URBAN DEVELOPMEN T,2025-02,2025-05,4
N28000155,NAGPUR METRO RAIL PROJECT PHASE II,,,2025-02,2025-06,5
N28000156,REDEVELOPMENT OF GPRA AT NETAJI NAGAR NEW DELHI PACKAGE 2,,,2025-02,2025-06,5
N28000157,PCMC NIGDI PROJECT EXTENSION OF CORRIDOR 1 OF PUNE METRO PHASE 1,,,2025-02,2025-06,5
N28000158,KOCHI METRO RAIL PROJECT PHASE II FROM JLN STADIUM TO INFOPARK VIA KAKKANAD,,URBAN DEVELOPMENT,2025-02,2025-06,5
N28000159,KOCHI METRO RAIL PROJECT PHASE IB SECTION FROM S N JUNCTION TO THRIPUNITHURA,,,2025-02,2025-05,4
N28000160,PUNE METRO PHASE-1 EXTENSION FROM SWARGATE TO KATRAJ,,,2025-02,2025-06,5
N30000002,POLAVARAM IRRIGATION PROJECT,,WATER RESOURCES,2025-02,2025-06,5
N30000014,CONSTRUCTION OF 564 MLD 124 MGD WASTE WATER TREATMENT PLANT WITH EFFLUENT STANDARDS OF BOD ? 10MG/L,,WATER RESOURCES,2025-02,2025-06,5
N30000021,INTERCEPTION AND DIVERSION WORKS AND STP AT MUZAFFARNAGAR UTTAR PRADESH,,WATER RESOURCES,2025-02,2025-06,5
N30000024,SEWERAGE SCHEME INTERCEPTION AND DIVERSION WITH STP WORKS AT MEERUT UTTAR PRADESH,,,2025-02,2025-06,5
N30000026,SEWER NETWORK SPS AND STP BEGUSARAI,,,2025-02,2025-06,5
N30000027,I AND D AND STP WORKS FOR BHAGALPUR,,,2025-02,2025-06,5
N30000032,INTERCEPTION AND DIVERSION WITH STP AT MAHESHTALA,,WATER RESOURCES,2025-02,2025-06,5
N30000034,INTERCEPTION DIVERSION TREATMENT WORKS AT TOLLYS NULLAH ADI GANGA,,,2025-02,2025-06,5
N30000035,SEWER NETWORKS SPS AND STP HAJIPUR,,,2025-02,2025-06,5
N30000036,"SEWER NETWORKS, SPS AND STP, MUNGER",,,2025-02,2025-06,5
N30000039,SAIDPUR SEWER NETWORK PATNA,,,2025-02,2025-06,5
N30000042,INTERCEPTION AND DIVERSION WITH STP AT HUGHLY- CHINSURAH,,,2025-02,2025-06,5
N30000044,SEWERAGE SYSTEM WITH SEWER NETWORK PATNA KARMALICHAK,,,2025-02,2025-06,5
N30000050,SEWERAGE SYSTEM AND STP FOR KANKARBAG ZONE PATNA,,,2025-02,2025-06,5
N30000051,"SEWERAGE SYSTEM AND STP FOR DIGHA ZONE, PATNA",,,2025-02,2025-06,5
N38000001,CENTRE FOR DISABILITY SPORTS,,SOCIAL JUSTICE,2025-02,2025-05,4
N40000001,NATIONAL INDUSTRIAL CORRIDOR PROJECT,,DPIIT,2025-02,2025-06,5
N40000002,INDIA INTERNATIONAL CONVENTION AND EXPO CENTRE,,DPIIT,2025-02,2025-06,5
N42000001,CONSTRUCTION AND DEVELOPMENT OF NATINAL INSTITUTE OF TECHNOLOGY MEGHALAYA PERMANENT CAMPUS AT SOHRA,,DEPARTMENT OF HIGHER EDUCATION,2025-02,2025-06,5
N42000002,"CONSTRUCTION OF PERMANENT CAMPUS FOR NATIONAL INSTITUTE OF TECHNOLOGY GOA AT CUNCOLIM, GOA.",,DEPARTMENT OF HIGHER EDUCATION,2025-02,2025-06,5
N42000005,CONSTRUCTION OF PERMANENT CAMPUS FOR INDIAN INSTITUTE OF TECHNOLOGY TIRUPATI AT MERLAPAKA VILLAGE YE,,DEPARTMENT OF HIGHER EDUCATION,2025-02,2025-06,5
N42000006,"CONSTRUCTION OF PERMANENT CAMPUS FOR INDIAN INSTITUTE OF TECHNOLOGY, DHARWAD (PHASE 1A)",,DEPARTMENT OF HIGHER EDUCATION,2025-02,2025-06,5
N42000007,"CONSTRUCTION OF PERMANENT CAMPUS FOR IISER AT JANGALAPALLI VILLAGE, YERPEDU MANDAL, CHITTOOR DISTRIC",,,2025-02,2025-06,5
N42000008,ESTABLISHMENT OF PERMANENT CAMPUS PHASE 1 OF IIM SIRMAUR,,DEPARTMENT OF HIGHER EDUCATION,2025-02,2025-06,5
N42000009,PERMANENT CAMPUS FOR IIM BODH GAYA,,,2025-02,2025-06,5
N42000010,ADDITIONAL INFRASTRUCTURE AT IISC BANGALORE SH RCC MONOLITHIC FOR MEN WOMEN HOSTEL,,,2025-02,2025-06,5
N42000011,CONSTRUCTION OF PERMANENT CAMPUSES OF CENTRAL UNIVERSITY OF HIMACHAL PRADESH AT DEHRA AND DHARAMSHAL,,,2025-02,2025-06,5
N44000002,"CONSTRUCTION OF SIKKIM UNIVERSITY CAMPUS PHASE-I, PACKAGE -II AT YANGANG SOUTH SIKKIM",,DEPARTMENT OF HIGHER EDUCATION,2025-02,2025-06,5
N45000002,CONSTRUCTION OF HEADQUARTER BUILDING OF CRPF AT LODHI ROAD NEW DELHI,,,2025-02,2025-06,5
N45000003,CONSTRUCTION OF 683 VARIOUS TYPE FAMILY QUARTERS AT GROUP CENTRE CRPF CHANDAULI,,HOME AFFAIRS,2025-02,2025-04,3
